use usp_uas;
-- 用户
INSERT INTO uas_user_info values 
(1230817173621280769, '15189162014', '用户_15189162014', '1', '2020-01-19 18:00:00', '', 'CHN', '', '', '', 0, 0, '', ''),
(1230817173654835201, '18705186682', '用户_18705186682', '1', '2020-01-19 18:00:00', '', 'CHN', '', '', '', 0, 0, '', ''),
(1230817173654835202, '15050655527', '用户_15050655527', '1', '2020-01-19 18:00:00', '', 'CHN', '', '', '', 0, 0, '', ''),
(1230817173654835203, '18221777356', '用户_18221777356', '1', '2020-01-19 18:00:00', '', 'CHN', '', '', '', 0, 0, '', ''),
(1230817173654835204, '13564172010', '用户_13564172010', '1', '2020-01-19 18:00:00', '', 'CHN', '', '', '', 0, 0, '', ''),
(1230817173659029505, '13916023551', '用户_13916023551', '1', '2020-01-19 18:00:00', '', 'CHN', '', '', '', 0, 0, '', ''),
(1230817173659029506, '15306820057', '用户_15306820057', '1', '2020-01-19 18:00:00', '', 'CHN', '', '', '', 0, 0, '', ''),
(1230817173659029507, '13310119901', '用户_13310119901', '1', '2020-01-19 18:00:00', '', 'CHN', '', '', '', 0, 0, '', ''),
(1230817173659029508, '13651749495', '用户_13651749495', '1', '2020-01-19 18:00:00', '', 'CHN', '', '', '', 0, 0, '', ''),
(1230817173659029509, '13851500256', '用户_13851500256', '1', '2020-01-19 18:00:00', '', 'CHN', '', '', '', 0, 0, '', ''),
(1230817173659029510, '13917607973', '用户_13917607973', '1', '2020-01-19 18:00:00', '', 'CHN', '', '', '', 0, 0, '', ''),
(1230817173659029511, '18164500869', '用户_18164500869', '1', '2020-01-19 18:00:00', '', 'CHN', '', '', '', 0, 0, '', ''),
(1230817173659029512, '13523048678', '用户_13523048678', '1', '2020-01-19 18:00:00', '', 'CHN', '', '', '', 0, 0, '', ''),
(1230817173659029513, '15062285833', '用户_15062285833', '1', '2020-01-19 18:00:00', '', 'CHN', '', '', '', 0, 0, '', ''),
(1230817173659029514, '13818098620', '用户_13818098620', '1', '2020-01-19 18:00:00', '', 'CHN', '', '', '', 0, 0, '', ''),
(1230817173659029515, '18861523577', '用户_18861523577', '1', '2020-01-19 18:00:00', '', 'CHN', '', '', '', 0, 0, '', ''),
(1230817173659029516, '13917671302', '用户_13917671302', '1', '2020-01-19 18:00:00', '', 'CHN', '', '', '', 0, 0, '', ''),
(1230817173659029517, '15601766373', '用户_15601766373', '1', '2020-01-19 18:00:00', '', 'CHN', '', '', '', 0, 0, '', ''),
(1230817173659029518, '13770992739', '用户_13770992739', '1', '2020-01-19 18:00:00', '', 'CHN', '', '', '', 0, 0, '', ''),
(1230817173659029519, '15050600392', '用户_15050600392', '1', '2020-01-19 18:00:00', '', 'CHN', '', '', '', 0, 0, '', ''),
(1230817173659029520, '13026651566', '用户_13026651566', '1', '2020-01-19 18:00:00', '', 'CHN', '', '', '', 0, 0, '', ''),
(1230817173663223810, '19983265921', '用户_19983265921', '1', '2020-01-19 18:00:00', '', 'CHN', '', '', '', 0, 0, '', ''),
(1230817173663223811, '18552648616', '用户_18552648616', '1', '2020-01-19 18:00:00', '', 'CHN', '', '', '', 0, 0, '', ''),
(1230817173663223812, '13141518136', '用户_13141518136', '1', '2020-01-19 18:00:00', '', 'CHN', '', '', '', 0, 0, '', ''),
(1230817173663223813, '15515512435', '用户_15515512435', '1', '2020-01-19 18:00:00', '', 'CHN', '', '', '', 0, 0, '', ''),
(1230817173663223814, '13817521474', '用户_13817521474', '1', '2020-01-19 18:00:00', '', 'CHN', '', '', '', 0, 0, '', ''),
(1230817173663223815, '15001841849', '用户_15001841849', '1', '2020-01-19 18:00:00', '', 'CHN', '', '', '', 0, 0, '', ''),
(1230817173663223816, '18221778601', '用户_18221778601', '1', '2020-01-19 18:00:00', '', 'CHN', '', '', '', 0, 0, '', ''),
(1230817173663223817, '17351935962', '用户_17351935962', '1', '2020-01-19 18:00:00', '', 'CHN', '', '', '', 0, 0, '', ''),
(1230817173663223818, '15800533430', '用户_15800533430', '1', '2020-01-19 18:00:00', '', 'CHN', '', '', '', 0, 0, '', ''),
(1230817173663223819, '13661834912', '用户_13661834912', '1', '2020-01-19 18:00:00', '', 'CHN', '', '', '', 0, 0, '', ''),
(1230817173663223820, '19903808196', '用户_19903808196', '1', '2020-01-19 18:00:00', '', 'CHN', '', '', '', 0, 0, '', ''),
(1230817173663223821, '13611777258', '用户_13611777258', '1', '2020-01-19 18:00:00', '', 'CHN', '', '', '', 0, 0, '', ''),
(1230817173663223822, '15818642595', '用户_15818642595', '1', '2020-01-19 18:00:00', '', 'CHN', '', '', '', 0, 0, '', ''),
(1230817173663223823, '13817915522', '用户_13817915522', '1', '2020-01-19 18:00:00', '', 'CHN', '', '', '', 0, 0, '', ''),
(1230817173663223824, '15618684880', '用户_15618684880', '1', '2020-01-19 18:00:00', '', 'CHN', '', '', '', 0, 0, '', ''),
(1230817173663223825, '16698193194', '用户_16698193194', '1', '2020-01-19 18:00:00', '', 'CHN', '', '', '', 0, 0, '', ''),
(1230817173663223826, '13141727001', '用户_13141727001', '1', '2020-01-19 18:00:00', '', 'CHN', '', '', '', 0, 0, '', ''),
(1230817173663223827, '15606792696', '用户_15606792696', '1', '2020-01-19 18:00:00', '', 'CHN', '', '', '', 0, 0, '', ''),
(1230817173663223828, '18860884177', '用户_18860884177', '1', '2020-01-19 18:00:00', '', 'CHN', '', '', '', 0, 0, '', ''),
(1230817173667418114, '13918082645', '用户_13918082645', '1', '2020-01-19 18:00:00', '', 'CHN', '', '', '', 0, 0, '', ''),
(1230817173667418115, '15190234680', '用户_15190234680', '1', '2020-01-19 18:00:00', '', 'CHN', '', '', '', 0, 0, '', ''),
(1230817173667418116, '15365226833', '用户_15365226833', '1', '2020-01-19 18:00:00', '', 'CHN', '', '', '', 0, 0, '', ''),
(1230817173667418117, '15252755348', '用户_15252755348', '1', '2020-01-19 18:00:00', '', 'CHN', '', '', '', 0, 0, '', ''),
(1230817173667418118, '13661489347', '用户_13661489347', '1', '2020-01-19 18:00:00', '', 'CHN', '', '', '', 0, 0, '', ''),
(1230817173667418119, '13523716515', '用户_13523716515', '1', '2020-01-19 18:00:00', '', 'CHN', '', '', '', 0, 0, '', ''),
(1230817173667418120, '18616992941', '用户_18616992941', '1', '2020-01-19 18:00:00', '', 'CHN', '', '', '', 0, 0, '', ''),
(1230817173667418121, '13916488511', '用户_13916488511', '1', '2020-01-19 18:00:00', '', 'CHN', '', '', '', 0, 0, '', ''),
(1230817173667418122, '15201917502', '用户_15201917502', '1', '2020-01-19 18:00:00', '', 'CHN', '', '', '', 0, 0, '', ''),
(1230817173667418123, '15657260454', '用户_15657260454', '1', '2020-01-19 18:00:00', '', 'CHN', '', '', '', 0, 0, '', ''),
(1230817173667418124, '13671520875', '用户_13671520875', '1', '2020-01-19 18:00:00', '', 'CHN', '', '', '', 0, 0, '', ''),
(1230817173667418125, '19952758909', '用户_19952758909', '1', '2020-01-19 18:00:00', '', 'CHN', '', '', '', 0, 0, '', ''),
(1230817173667418126, '13681960647', '用户_13681960647', '1', '2020-01-19 18:00:00', '', 'CHN', '', '', '', 0, 0, '', ''),
(1230817173667418127, '18014354036', '用户_18014354036', '1', '2020-01-19 18:00:00', '', 'CHN', '', '', '', 0, 0, '', ''),
(1230817173667418128, '15052221015', '用户_15052221015', '1', '2020-01-19 18:00:00', '', 'CHN', '', '', '', 0, 0, '', ''),
(1230817173667418129, '15895343360', '用户_15895343360', '1', '2020-01-19 18:00:00', '', 'CHN', '', '', '', 0, 0, '', ''),
(1230817173667418130, '18201871179', '用户_18201871179', '1', '2020-01-19 18:00:00', '', 'CHN', '', '', '', 0, 0, '', ''),
(1230817173667418131, '13916523698', '用户_13916523698', '1', '2020-01-19 18:00:00', '', 'CHN', '', '', '', 0, 0, '', ''),
(1230817173667418132, '13915974803', '用户_13915974803', '1', '2020-01-19 18:00:00', '', 'CHN', '', '', '', 0, 0, '', ''),
(1230817173667418133, '17798702306', '用户_17798702306', '1', '2020-01-19 18:00:00', '', 'CHN', '', '', '', 0, 0, '', ''),
(1230817173667418134, '15618588575', '用户_15618588575', '1', '2020-01-19 18:00:00', '', 'CHN', '', '', '', 0, 0, '', ''),
(1230817173667418135, '18037159070', '用户_18037159070', '1', '2020-01-19 18:00:00', '', 'CHN', '', '', '', 0, 0, '', ''),
(1230817173667418136, '18321629748', '用户_18321629748', '1', '2020-01-19 18:00:00', '', 'CHN', '', '', '', 0, 0, '', ''),
(1230817173667418137, '18221855671', '用户_18221855671', '1', '2020-01-19 18:00:00', '', 'CHN', '', '', '', 0, 0, '', ''),
(1230817173671612417, '13916102394', '用户_13916102394', '1', '2020-01-19 18:00:00', '', 'CHN', '', '', '', 0, 0, '', ''),
(1230817173671612418, '18657211554', '用户_18657211554', '1', '2020-01-19 18:00:00', '', 'CHN', '', '', '', 0, 0, '', ''),
(1230817173671612419, '18217483107', '用户_18217483107', '1', '2020-01-19 18:00:00', '', 'CHN', '', '', '', 0, 0, '', ''),
(1230817173671612420, '13818523152', '用户_13818523152', '1', '2020-01-19 18:00:00', '', 'CHN', '', '', '', 0, 0, '', ''),
(1230817173671612421, '18360177826', '用户_18360177826', '1', '2020-01-19 18:00:00', '', 'CHN', '', '', '', 0, 0, '', ''),
(1230817173671612422, '13818353546', '用户_13818353546', '1', '2020-01-19 18:00:00', '', 'CHN', '', '', '', 0, 0, '', ''),
(1230817173671612423, '18112377520', '用户_18112377520', '1', '2020-01-19 18:00:00', '', 'CHN', '', '', '', 0, 0, '', ''),
(1230817173671612424, '18511891571', '用户_18511891571', '1', '2020-01-19 18:00:00', '', 'CHN', '', '', '', 0, 0, '', ''),
(1230817173671612425, '18217499796', '用户_18217499796', '1', '2020-01-19 18:00:00', '', 'CHN', '', '', '', 0, 0, '', ''),
(1230817173675806722, '18321902504', '用户_18321902504', '1', '2020-01-19 18:00:00', '', 'CHN', '', '', '', 0, 0, '', ''),
(1230817173675806723, '18321361235', '用户_18321361235', '1', '2020-01-19 18:00:00', '', 'CHN', '', '', '', 0, 0, '', ''),
(1230817173675806724, '13701607621', '用户_13701607621', '1', '2020-01-19 18:00:00', '', 'CHN', '', '', '', 0, 0, '', ''),
(1230817173675806725, '13402158934', '用户_13402158934', '1', '2020-01-19 18:00:00', '', 'CHN', '', '', '', 0, 0, '', ''),
(1230817173675806726, '18697558382', '用户_18697558382', '1', '2020-01-19 18:00:00', '', 'CHN', '', '', '', 0, 0, '', ''),
(1230817173675806727, '18117392637', '用户_18117392637', '1', '2020-01-19 18:00:00', '', 'CHN', '', '', '', 0, 0, '', ''),
(1230817173675806728, '13951690930', '用户_13951690930', '1', '2020-01-19 18:00:00', '', 'CHN', '', '', '', 0, 0, '', ''),
(1230817173675806729, '13917755453', '用户_13917755453', '1', '2020-01-19 18:00:00', '', 'CHN', '', '', '', 0, 0, '', ''),
(1230817173675806730, '13590364850', '用户_13590364850', '1', '2020-01-19 18:00:00', '', 'CHN', '', '', '', 0, 0, '', ''),
(1230817173675806731, '15234088216', '用户_15234088216', '1', '2020-01-19 18:00:00', '', 'CHN', '', '', '', 0, 0, '', ''),
(1230817173675806732, '18838546616', '用户_18838546616', '1', '2020-01-19 18:00:00', '', 'CHN', '', '', '', 0, 0, '', ''),
(1230817173675806733, '13999966750', '用户_13999966750', '1', '2020-01-19 18:00:00', '', 'CHN', '', '', '', 0, 0, '', ''),
(1230817173675806734, '18017717063', '用户_18017717063', '1', '2020-01-19 18:00:00', '', 'CHN', '', '', '', 0, 0, '', ''),
(1230817173675806735, '13987107982', '用户_13987107982', '1', '2020-01-19 18:00:00', '', 'CHN', '', '', '', 0, 0, '', ''),
(1230817173675806736, '15695042043', '用户_15695042043', '1', '2020-01-19 18:00:00', '', 'CHN', '', '', '', 0, 0, '', ''),
(1230817173675806737, '18751832058', '用户_18751832058', '1', '2020-01-19 18:00:00', '', 'CHN', '', '', '', 0, 0, '', ''),
(1230817173675806738, '13851855412', '用户_13851855412', '1', '2020-01-19 18:00:00', '', 'CHN', '', '', '', 0, 0, '', ''),
(1230817173675806739, '13584009910', '用户_13584009910', '1', '2020-01-19 18:00:00', '', 'CHN', '', '', '', 0, 0, '', ''),
(1230817173675806740, '13109918030', '用户_13109918030', '1', '2020-01-19 18:00:00', '', 'CHN', '', '', '', 0, 0, '', ''),
(1230817173675806741, '18576726717', '用户_18576726717', '1', '2020-01-19 18:00:00', '', 'CHN', '', '', '', 0, 0, '', ''),
(1230817173675806742, '13810445147', '用户_13810445147', '1', '2020-01-19 18:00:00', '', 'CHN', '', '', '', 0, 0, '', ''),
(1230817173675806743, '18551800292', '用户_18551800292', '1', '2020-01-19 18:00:00', '', 'CHN', '', '', '', 0, 0, '', ''),
(1230817173675806744, '13999270755', '用户_13999270755', '1', '2020-01-19 18:00:00', '', 'CHN', '', '', '', 0, 0, '', ''),
(1230817173675806745, '18319447119', '用户_18319447119', '1', '2020-01-19 18:00:00', '', 'CHN', '', '', '', 0, 0, '', ''),
(1230817173675806746, '13510841250', '用户_13510841250', '1', '2020-01-19 18:00:00', '', 'CHN', '', '', '', 0, 0, '', ''),
(1230817173675806747, '13879107297', '用户_13879107297', '1', '2020-01-19 18:00:00', '', 'CHN', '', '', '', 0, 0, '', ''),
(1230817173675806748, '18380430095', '用户_18380430095', '1', '2020-01-19 18:00:00', '', 'CHN', '', '', '', 0, 0, '', ''),
(1230817173675806749, '18851150772', '用户_18851150772', '1', '2020-01-19 18:00:00', '', 'CHN', '', '', '', 0, 0, '', ''),
(1230817173675806750, '18202719421', '用户_18202719421', '1', '2020-01-19 18:00:00', '', 'CHN', '', '', '', 0, 0, '', ''),
(1230817173675806751, '15051836493', '用户_15051836493', '1', '2020-01-19 18:00:00', '', 'CHN', '', '', '', 0, 0, '', ''),
(1230817173692583938, '15889496241', '用户_15889496241', '1', '2020-01-19 18:00:00', '', 'CHN', '', '', '', 0, 0, '', ''),
(1230817173692583939, '18684937392', '用户_18684937392', '1', '2020-01-19 18:00:00', '', 'CHN', '', '', '', 0, 0, '', ''),
(1230817173692583940, '13814025144', '用户_13814025144', '1', '2020-01-19 18:00:00', '', 'CHN', '', '', '', 0, 0, '', ''),
(1230817173692583941, '18851981391', '用户_18851981391', '1', '2020-01-19 18:00:00', '', 'CHN', '', '', '', 0, 0, '', ''),
(1230817173692583942, '18286147864', '用户_18286147864', '1', '2020-01-19 18:00:00', '', 'CHN', '', '', '', 0, 0, '', ''),
(1230817173692583943, '17715256656', '用户_17715256656', '1', '2020-01-19 18:00:00', '', 'CHN', '', '', '', 0, 0, '', ''),
(1230817173692583944, '15901019013', '用户_15901019013', '1', '2020-01-19 18:00:00', '', 'CHN', '', '', '', 0, 0, '', ''),
(1230817173692583945, '18798072207', '用户_18798072207', '1', '2020-01-19 18:00:00', '', 'CHN', '', '', '', 0, 0, '', ''),
(1230817173692583946, '18961081519', '用户_18961081519', '1', '2020-01-19 18:00:00', '', 'CHN', '', '', '', 0, 0, '', ''),
(1230817173696778242, '13750221204', '用户_13750221204', '1', '2020-01-19 18:00:00', '', 'CHN', '', '', '', 0, 0, '', ''),
(1230817173696778243, '18947183340', '用户_18947183340', '1', '2020-01-19 18:00:00', '', 'CHN', '', '', '', 0, 0, '', ''),
(1230817173696778244, '15195444543', '用户_15195444543', '1', '2020-01-19 18:00:00', '', 'CHN', '', '', '', 0, 0, '', ''),
(1230817173696778245, '13510157090', '用户_13510157090', '1', '2020-01-19 18:00:00', '', 'CHN', '', '', '', 0, 0, '', ''),
(1230817173696778246, '13430113877', '用户_13430113877', '1', '2020-01-19 18:00:00', '', 'CHN', '', '', '', 0, 0, '', ''),
(1230817173696778247, '18994037716', '用户_18994037716', '1', '2020-01-19 18:00:00', '', 'CHN', '', '', '', 0, 0, '', ''),
(1230817173696778248, '18256992851', '用户_18256992851', '1', '2020-01-19 18:00:00', '', 'CHN', '', '', '', 0, 0, '', ''),
(1230817173696778249, '18600192183', '用户_18600192183', '1', '2020-01-19 18:00:00', '', 'CHN', '', '', '', 0, 0, '', ''),
(1230817173696778250, '18851151869', '用户_18851151869', '1', '2020-01-19 18:00:00', '', 'CHN', '', '', '', 0, 0, '', ''),
(1230817173696778251, '18239959718', '用户_18239959718', '1', '2020-01-19 18:00:00', '', 'CHN', '', '', '', 0, 0, '', ''),
(1230817173696778252, '18786109535', '用户_18786109535', '1', '2020-01-19 18:00:00', '', 'CHN', '', '', '', 0, 0, '', ''),
(1230817173696778253, '19128169918', '用户_19128169918', '1', '2020-01-19 18:00:00', '', 'CHN', '', '', '', 0, 0, '', ''),
(1230817173696778254, '17805005113', '用户_17805005113', '1', '2020-01-19 18:00:00', '', 'CHN', '', '', '', 0, 0, '', ''),
(1230817173696778255, '15702963506', '用户_15702963506', '1', '2020-01-19 18:00:00', '', 'CHN', '', '', '', 0, 0, '', ''),
(1230817173696778256, '18396985500', '用户_18396985500', '1', '2020-01-19 18:00:00', '', 'CHN', '', '', '', 0, 0, '', ''),
(1230817173696778257, '13723649961', '用户_13723649961', '1', '2020-01-19 18:00:00', '', 'CHN', '', '', '', 0, 0, '', ''),
(1230817173700972546, '13760339026', '用户_13760339026', '1', '2020-01-19 18:00:00', '', 'CHN', '', '', '', 0, 0, '', ''),
(1230817173700972547, '13974878392', '用户_13974878392', '1', '2020-01-19 18:00:00', '', 'CHN', '', '', '', 0, 0, '', ''),
(1230817173700972548, '18805161768', '用户_18805161768', '1', '2020-01-19 18:00:00', '', 'CHN', '', '', '', 0, 0, '', ''),
(1230817173700972549, '18098902563', '用户_18098902563', '1', '2020-01-19 18:00:00', '', 'CHN', '', '', '', 0, 0, '', ''),
(1230817173700972550, '13469043729', '用户_13469043729', '1', '2020-01-19 18:00:00', '', 'CHN', '', '', '', 0, 0, '', ''),
(1230817173700972551, '13570963730', '用户_13570963730', '1', '2020-01-19 18:00:00', '', 'CHN', '', '', '', 0, 0, '', ''),
(1230817173700972552, '13612963011', '用户_13612963011', '1', '2020-01-19 18:00:00', '', 'CHN', '', '', '', 0, 0, '', ''),
(1230817173700972553, '18795953539', '用户_18795953539', '1', '2020-01-19 18:00:00', '', 'CHN', '', '', '', 0, 0, '', ''),
(1230817173705166850, '15562575355', '用户_15562575355', '1', '2020-01-19 18:00:00', '', 'CHN', '', '', '', 0, 0, '', ''),
(1230817173705166851, '13407158108', '用户_13407158108', '1', '2020-01-19 18:00:00', '', 'CHN', '', '', '', 0, 0, '', ''),
(1230817173705166852, '18170840818', '用户_18170840818', '1', '2020-01-19 18:00:00', '', 'CHN', '', '', '', 0, 0, '', ''),
(1230817173705166853, '13556116717', '用户_13556116717', '1', '2020-01-19 18:00:00', '', 'CHN', '', '', '', 0, 0, '', ''),
(1230817173705166854, '18189622221', '用户_18189622221', '1', '2020-01-19 18:00:00', '', 'CHN', '', '', '', 0, 0, '', ''),
(1230817173705166855, '13805171662', '用户_13805171662', '1', '2020-01-19 18:00:00', '', 'CHN', '', '', '', 0, 0, '', ''),
(1230817173705166856, '18587970721', '用户_18587970721', '1', '2020-01-19 18:00:00', '', 'CHN', '', '', '', 0, 0, '', ''),
(1230817173705166857, '18519109867', '用户_18519109867', '1', '2020-01-19 18:00:00', '', 'CHN', '', '', '', 0, 0, '', ''),
(1230817173705166858, '13919203125', '用户_13919203125', '1', '2020-01-19 18:00:00', '', 'CHN', '', '', '', 0, 0, '', ''),
(1230817173705166859, '17691084419', '用户_17691084419', '1', '2020-01-19 18:00:00', '', 'CHN', '', '', '', 0, 0, '', ''),
(1230817173705166860, '18168055967', '用户_18168055967', '1', '2020-01-19 18:00:00', '', 'CHN', '', '', '', 0, 0, '', ''),
(1230817173705166861, '18577191273', '用户_18577191273', '1', '2020-01-19 18:00:00', '', 'CHN', '', '', '', 0, 0, '', ''),
(1230817173705166862, '13915971514', '用户_13915971514', '1', '2020-01-19 18:00:00', '', 'CHN', '', '', '', 0, 0, '', ''),
(1230817173705166863, '15809661567', '用户_15809661567', '1', '2020-01-19 18:00:00', '', 'CHN', '', '', '', 0, 0, '', ''),
(1230817173705166864, '15867267345', '用户_15867267345', '1', '2020-01-19 18:00:00', '', 'CHN', '', '', '', 0, 0, '', ''),
(1230817173705166865, '19951716864', '用户_19951716864', '1', '2020-01-19 18:00:00', '', 'CHN', '', '', '', 0, 0, '', ''),
(1230817173705166866, '18709251708', '用户_18709251708', '1', '2020-01-19 18:00:00', '', 'CHN', '', '', '', 0, 0, '', ''),
(1230817173705166867, '15029234460', '用户_15029234460', '1', '2020-01-19 18:00:00', '', 'CHN', '', '', '', 0, 0, '', ''),
(1230817173705166868, '18913362455', '用户_18913362455', '1', '2020-01-19 18:00:00', '', 'CHN', '', '', '', 0, 0, '', ''),
(1230817173705166869, '13605176801', '用户_13605176801', '1', '2020-01-19 18:00:00', '', 'CHN', '', '', '', 0, 0, '', ''),
(1230817173705166870, '13678869099', '用户_13678869099', '1', '2020-01-19 18:00:00', '', 'CHN', '', '', '', 0, 0, '', ''),
(1230817173705166871, '15850411072', '用户_15850411072', '1', '2020-01-19 18:00:00', '', 'CHN', '', '', '', 0, 0, '', ''),
(1230817173705166872, '13024334052', '用户_13024334052', '1', '2020-01-19 18:00:00', '', 'CHN', '', '', '', 0, 0, '', ''),
(1230817173709361154, '19829871533', '用户_19829871533', '1', '2020-01-19 18:00:00', '', 'CHN', '', '', '', 0, 0, '', ''),
(1230817173709361155, '13810696546', '用户_13810696546', '1', '2020-01-19 18:00:00', '', 'CHN', '', '', '', 0, 0, '', ''),
(1230817173709361156, '15062297292', '用户_15062297292', '1', '2020-01-19 18:00:00', '', 'CHN', '', '', '', 0, 0, '', ''),
(1230817173709361157, '18066080017', '用户_18066080017', '1', '2020-01-19 18:00:00', '', 'CHN', '', '', '', 0, 0, '', ''),
(1230817173709361158, '17802620599', '用户_17802620599', '1', '2020-01-19 18:00:00', '', 'CHN', '', '', '', 0, 0, '', ''),
(1230817173709361159, '18662710485', '用户_18662710485', '1', '2020-01-19 18:00:00', '', 'CHN', '', '', '', 0, 0, '', ''),
(1230817173709361160, '18789675009', '用户_18789675009', '1', '2020-01-19 18:00:00', '', 'CHN', '', '', '', 0, 0, '', ''),
(1230817173709361161, '15715140500', '用户_15715140500', '1', '2020-01-19 18:00:00', '', 'CHN', '', '', '', 0, 0, '', ''),
(1230817173709361162, '13020078456', '用户_13020078456', '1', '2020-01-19 18:00:00', '', 'CHN', '', '', '', 0, 0, '', ''),
(1230817173709361163, '13951814968', '用户_13951814968', '1', '2020-01-19 18:00:00', '', 'CHN', '', '', '', 0, 0, '', ''),
(1230817173709361164, '15802335497', '用户_15802335497', '1', '2020-01-19 18:00:00', '', 'CHN', '', '', '', 0, 0, '', ''),
(1230817173709361165, '18139669398', '用户_18139669398', '1', '2020-01-19 18:00:00', '', 'CHN', '', '', '', 0, 0, '', ''),
(1230817173709361166, '18000513895', '用户_18000513895', '1', '2020-01-19 18:00:00', '', 'CHN', '', '', '', 0, 0, '', ''),
(1230817173709361167, '18122208086', '用户_18122208086', '1', '2020-01-19 18:00:00', '', 'CHN', '', '', '', 0, 0, '', ''),
(1230817173709361168, '15000011341', '用户_15000011341', '1', '2020-01-19 18:00:00', '', 'CHN', '', '', '', 0, 0, '', ''),
(1230817173709361169, '15007532566', '用户_15007532566', '1', '2020-01-19 18:00:00', '', 'CHN', '', '', '', 0, 0, '', ''),
(1230817173709361170, '13814143236', '用户_13814143236', '1', '2020-01-19 18:00:00', '', 'CHN', '', '', '', 0, 0, '', ''),
(1230817173709361171, '18589077149', '用户_18589077149', '1', '2020-01-19 18:00:00', '', 'CHN', '', '', '', 0, 0, '', ''),
(1230817173709361172, '18680807763', '用户_18680807763', '1', '2020-01-19 18:00:00', '', 'CHN', '', '', '', 0, 0, '', ''),
(1230817173709361173, '13914489088', '用户_13914489088', '1', '2020-01-19 18:00:00', '', 'CHN', '', '', '', 0, 0, '', ''),
(1230817173709361174, '18224016578', '用户_18224016578', '1', '2020-01-19 18:00:00', '', 'CHN', '', '', '', 0, 0, '', ''),
(1230817173709361175, '18084356319', '用户_18084356319', '1', '2020-01-19 18:00:00', '', 'CHN', '', '', '', 0, 0, '', ''),
(1230817173713555458, '13912987933', '用户_13912987933', '1', '2020-01-19 18:00:00', '', 'CHN', '', '', '', 0, 0, '', ''),
(1230817173713555459, '18205091825', '用户_18205091825', '1', '2020-01-19 18:00:00', '', 'CHN', '', '', '', 0, 0, '', ''),
(1230817173713555460, '13701187513', '用户_13701187513', '1', '2020-01-19 18:00:00', '', 'CHN', '', '', '', 0, 0, '', ''),
(1230817173713555461, '13910665523', '用户_13910665523', '1', '2020-01-19 18:00:00', '', 'CHN', '', '', '', 0, 0, '', ''),
(1230817173713555462, '15911655184', '用户_15911655184', '1', '2020-01-19 18:00:00', '', 'CHN', '', '', '', 0, 0, '', ''),
(1230817173713555463, '15366004171', '用户_15366004171', '1', '2020-01-19 18:00:00', '', 'CHN', '', '', '', 0, 0, '', ''),
(1230817173713555464, '13661944423', '用户_13661944423', '1', '2020-01-19 18:00:00', '', 'CHN', '', '', '', 0, 0, '', ''),
(1230817173713555465, '13438208055', '用户_13438208055', '1', '2020-01-19 18:00:00', '', 'CHN', '', '', '', 0, 0, '', ''),
(1230817173713555466, '15298393069', '用户_15298393069', '1', '2020-01-19 18:00:00', '', 'CHN', '', '', '', 0, 0, '', ''),
(1230817173713555467, '17717372660', '用户_17717372660', '1', '2020-01-19 18:00:00', '', 'CHN', '', '', '', 0, 0, '', ''),
(1230817173713555468, '13006503800', '用户_13006503800', '1', '2020-01-19 18:00:00', '', 'CHN', '', '', '', 0, 0, '', ''),
(1230817173713555469, '13628448514', '用户_13628448514', '1', '2020-01-19 18:00:00', '', 'CHN', '', '', '', 0, 0, '', ''),
(1230817173713555470, '18995625231', '用户_18995625231', '1', '2020-01-19 18:00:00', '', 'CHN', '', '', '', 0, 0, '', ''),
(1230817173713555471, '18538107357', '用户_18538107357', '1', '2020-01-19 18:00:00', '', 'CHN', '', '', '', 0, 0, '', ''),
(1230817173713555472, '17098336950', '用户_17098336950', '1', '2020-01-19 18:00:00', '', 'CHN', '', '', '', 0, 0, '', ''),
(1230817173713555473, '15050580646', '用户_15050580646', '1', '2020-01-19 18:00:00', '', 'CHN', '', '', '', 0, 0, '', ''),
(1230817173713555474, '18348299617', '用户_18348299617', '1', '2020-01-19 18:00:00', '', 'CHN', '', '', '', 0, 0, '', ''),
(1230817173713555475, '15895898216', '用户_15895898216', '1', '2020-01-19 18:00:00', '', 'CHN', '', '', '', 0, 0, '', ''),
(1230817173713555476, '13752258749', '用户_13752258749', '1', '2020-01-19 18:00:00', '', 'CHN', '', '', '', 0, 0, '', ''),
(1230817173713555477, '13728778560', '用户_13728778560', '1', '2020-01-19 18:00:00', '', 'CHN', '', '', '', 0, 0, '', ''),
(1230817173713555478, '18580018100', '用户_18580018100', '1', '2020-01-19 18:00:00', '', 'CHN', '', '', '', 0, 0, '', ''),
(1230817173713555479, '15252771193', '用户_15252771193', '1', '2020-01-19 18:00:00', '', 'CHN', '', '', '', 0, 0, '', ''),
(1230817173713555480, '15189816871', '用户_15189816871', '1', '2020-01-19 18:00:00', '', 'CHN', '', '', '', 0, 0, '', ''),
(1230817173713555481, '17366099520', '用户_17366099520', '1', '2020-01-19 18:00:00', '', 'CHN', '', '', '', 0, 0, '', ''),
(1230817173713555482, '15219701245', '用户_15219701245', '1', '2020-01-19 18:00:00', '', 'CHN', '', '', '', 0, 0, '', ''),
(1230817173717749762, '18805160032', '用户_18805160032', '1', '2020-01-19 18:00:00', '', 'CHN', '', '', '', 0, 0, '', ''),
(1230817173717749763, '13518744268', '用户_13518744268', '1', '2020-01-19 18:00:00', '', 'CHN', '', '', '', 0, 0, '', ''),
(1230817173717749764, '18905142490', '用户_18905142490', '1', '2020-01-19 18:00:00', '', 'CHN', '', '', '', 0, 0, '', ''),
(1230817173717749765, '13062505656', '用户_13062505656', '1', '2020-01-19 18:00:00', '', 'CHN', '', '', '', 0, 0, '', ''),
(1230817173717749766, '18675550215', '用户_18675550215', '1', '2020-01-19 18:00:00', '', 'CHN', '', '', '', 0, 0, '', ''),
(1230817173717749767, '13382799076', '用户_13382799076', '1', '2020-01-19 18:00:00', '', 'CHN', '', '', '', 0, 0, '', ''),
(1230817173717749768, '13665311122', '用户_13665311122', '1', '2020-01-19 18:00:00', '', 'CHN', '', '', '', 0, 0, '', ''),
(1230817173717749769, '18556203137', '用户_18556203137', '1', '2020-01-19 18:00:00', '', 'CHN', '', '', '', 0, 0, '', ''),
(1230817173717749770, '17766079447', '用户_17766079447', '1', '2020-01-19 18:00:00', '', 'CHN', '', '', '', 0, 0, '', ''),
(1230817173717749771, '18697233109', '用户_18697233109', '1', '2020-01-19 18:00:00', '', 'CHN', '', '', '', 0, 0, '', '');

-- 用户手机
INSERT INTO uas_user_mobile values 
('15189162014',1230817173621280769),
('18705186682',1230817173654835201),
('15050655527',1230817173654835202),
('18221777356',1230817173654835203),
('13564172010',1230817173654835204),
('13916023551',1230817173659029505),
('15306820057',1230817173659029506),
('13310119901',1230817173659029507),
('13651749495',1230817173659029508),
('13851500256',1230817173659029509),
('13917607973',1230817173659029510),
('18164500869',1230817173659029511),
('13523048678',1230817173659029512),
('15062285833',1230817173659029513),
('13818098620',1230817173659029514),
('18861523577',1230817173659029515),
('13917671302',1230817173659029516),
('15601766373',1230817173659029517),
('13770992739',1230817173659029518),
('15050600392',1230817173659029519),
('13026651566',1230817173659029520),
('19983265921',1230817173663223810),
('18552648616',1230817173663223811),
('13141518136',1230817173663223812),
('15515512435',1230817173663223813),
('13817521474',1230817173663223814),
('15001841849',1230817173663223815),
('18221778601',1230817173663223816),
('17351935962',1230817173663223817),
('15800533430',1230817173663223818),
('13661834912',1230817173663223819),
('19903808196',1230817173663223820),
('13611777258',1230817173663223821),
('15818642595',1230817173663223822),
('13817915522',1230817173663223823),
('15618684880',1230817173663223824),
('16698193194',1230817173663223825),
('13141727001',1230817173663223826),
('15606792696',1230817173663223827),
('18860884177',1230817173663223828),
('13918082645',1230817173667418114),
('15190234680',1230817173667418115),
('15365226833',1230817173667418116),
('15252755348',1230817173667418117),
('13661489347',1230817173667418118),
('13523716515',1230817173667418119),
('18616992941',1230817173667418120),
('13916488511',1230817173667418121),
('15201917502',1230817173667418122),
('15657260454',1230817173667418123),
('13671520875',1230817173667418124),
('19952758909',1230817173667418125),
('13681960647',1230817173667418126),
('18014354036',1230817173667418127),
('15052221015',1230817173667418128),
('15895343360',1230817173667418129),
('18201871179',1230817173667418130),
('13916523698',1230817173667418131),
('13915974803',1230817173667418132),
('17798702306',1230817173667418133),
('15618588575',1230817173667418134),
('18037159070',1230817173667418135),
('18321629748',1230817173667418136),
('18221855671',1230817173667418137),
('13916102394',1230817173671612417),
('18657211554',1230817173671612418),
('18217483107',1230817173671612419),
('13818523152',1230817173671612420),
('18360177826',1230817173671612421),
('13818353546',1230817173671612422),
('18112377520',1230817173671612423),
('18511891571',1230817173671612424),
('18217499796',1230817173671612425),
('18321902504',1230817173675806722),
('18321361235',1230817173675806723),
('13701607621',1230817173675806724),
('13402158934',1230817173675806725),
('18697558382',1230817173675806726),
('18117392637',1230817173675806727),
('13951690930',1230817173675806728),
('13917755453',1230817173675806729),
('13590364850',1230817173675806730),
('15234088216',1230817173675806731),
('18838546616',1230817173675806732),
('13999966750',1230817173675806733),
('18017717063',1230817173675806734),
('13987107982',1230817173675806735),
('15695042043',1230817173675806736),
('18751832058',1230817173675806737),
('13851855412',1230817173675806738),
('13584009910',1230817173675806739),
('13109918030',1230817173675806740),
('18576726717',1230817173675806741),
('13810445147',1230817173675806742),
('18551800292',1230817173675806743),
('13999270755',1230817173675806744),
('18319447119',1230817173675806745),
('13510841250',1230817173675806746),
('13879107297',1230817173675806747),
('18380430095',1230817173675806748),
('18851150772',1230817173675806749),
('18202719421',1230817173675806750),
('15051836493',1230817173675806751),
('15889496241',1230817173692583938),
('18684937392',1230817173692583939),
('13814025144',1230817173692583940),
('18851981391',1230817173692583941),
('18286147864',1230817173692583942),
('17715256656',1230817173692583943),
('15901019013',1230817173692583944),
('18798072207',1230817173692583945),
('18961081519',1230817173692583946),
('13750221204',1230817173696778242),
('18947183340',1230817173696778243),
('15195444543',1230817173696778244),
('13510157090',1230817173696778245),
('13430113877',1230817173696778246),
('18994037716',1230817173696778247),
('18256992851',1230817173696778248),
('18600192183',1230817173696778249),
('18851151869',1230817173696778250),
('18239959718',1230817173696778251),
('18786109535',1230817173696778252),
('19128169918',1230817173696778253),
('17805005113',1230817173696778254),
('15702963506',1230817173696778255),
('18396985500',1230817173696778256),
('13723649961',1230817173696778257),
('13760339026',1230817173700972546),
('13974878392',1230817173700972547),
('18805161768',1230817173700972548),
('18098902563',1230817173700972549),
('13469043729',1230817173700972550),
('13570963730',1230817173700972551),
('13612963011',1230817173700972552),
('18795953539',1230817173700972553),
('15562575355',1230817173705166850),
('13407158108',1230817173705166851),
('18170840818',1230817173705166852),
('13556116717',1230817173705166853),
('18189622221',1230817173705166854),
('13805171662',1230817173705166855),
('18587970721',1230817173705166856),
('18519109867',1230817173705166857),
('13919203125',1230817173705166858),
('17691084419',1230817173705166859),
('18168055967',1230817173705166860),
('18577191273',1230817173705166861),
('13915971514',1230817173705166862),
('15809661567',1230817173705166863),
('15867267345',1230817173705166864),
('19951716864',1230817173705166865),
('18709251708',1230817173705166866),
('15029234460',1230817173705166867),
('18913362455',1230817173705166868),
('13605176801',1230817173705166869),
('13678869099',1230817173705166870),
('15850411072',1230817173705166871),
('13024334052',1230817173705166872),
('19829871533',1230817173709361154),
('13810696546',1230817173709361155),
('15062297292',1230817173709361156),
('18066080017',1230817173709361157),
('17802620599',1230817173709361158),
('18662710485',1230817173709361159),
('18789675009',1230817173709361160),
('15715140500',1230817173709361161),
('13020078456',1230817173709361162),
('13951814968',1230817173709361163),
('15802335497',1230817173709361164),
('18139669398',1230817173709361165),
('18000513895',1230817173709361166),
('18122208086',1230817173709361167),
('15000011341',1230817173709361168),
('15007532566',1230817173709361169),
('13814143236',1230817173709361170),
('18589077149',1230817173709361171),
('18680807763',1230817173709361172),
('13914489088',1230817173709361173),
('18224016578',1230817173709361174),
('18084356319',1230817173709361175),
('13912987933',1230817173713555458),
('18205091825',1230817173713555459),
('13701187513',1230817173713555460),
('13910665523',1230817173713555461),
('15911655184',1230817173713555462),
('15366004171',1230817173713555463),
('13661944423',1230817173713555464),
('13438208055',1230817173713555465),
('15298393069',1230817173713555466),
('17717372660',1230817173713555467),
('13006503800',1230817173713555468),
('13628448514',1230817173713555469),
('18995625231',1230817173713555470),
('18538107357',1230817173713555471),
('17098336950',1230817173713555472),
('15050580646',1230817173713555473),
('18348299617',1230817173713555474),
('15895898216',1230817173713555475),
('13752258749',1230817173713555476),
('13728778560',1230817173713555477),
('18580018100',1230817173713555478),
('15252771193',1230817173713555479),
('15189816871',1230817173713555480),
('17366099520',1230817173713555481),
('15219701245',1230817173713555482),
('18805160032',1230817173717749762),
('13518744268',1230817173717749763),
('18905142490',1230817173717749764),
('13062505656',1230817173717749765),
('18675550215',1230817173717749766),
('13382799076',1230817173717749767),
('13665311122',1230817173717749768),
('18556203137',1230817173717749769),
('17766079447',1230817173717749770),
('18697233109',1230817173717749771);

-- 真实姓名
INSERT INTO uas_user_real VALUES 
(1230817173621280769, '蔡小东', '', 0),
(1230817173654835201, '曹鑫鑫', '', 0),
(1230817173654835202, '陈冰', '', 0),
(1230817173654835203, '陈海波', '', 0),
(1230817173654835204, '陈韦乐', '', 0),
(1230817173659029505, '戴忠荣', '', 0),
(1230817173659029506, '丁叮', '', 0),
(1230817173659029507, '丁军军', '', 0),
(1230817173659029508, '董琴', '', 0),
(1230817173659029509, '凡启业', '', 0),
(1230817173659029510, '顾健', '', 0),
(1230817173659029511, '顾忠英', '', 0),
(1230817173659029512, '王金超', '', 0),
(1230817173659029513, '李臣功', '', 0),
(1230817173659029514, '何志华', '', 0),
(1230817173659029515, '胡吉', '', 0),
(1230817173659029516, '黄陈', '', 0),
(1230817173659029517, '黄洁雨', '', 0),
(1230817173659029518, '黄凯', '', 0),
(1230817173659029519, '黄凯锦', '', 0),
(1230817173659029520, '黄蕾', '', 0),
(1230817173663223810, '江志鹏', '', 0),
(1230817173663223811, '蒋亚刚', '', 0),
(1230817173663223812, '焦龙帅', '', 0),
(1230817173663223813, '孔令伟', '', 0),
(1230817173663223814, '劳潇伦', '', 0),
(1230817173663223815, '李峰峰', '', 0),
(1230817173663223816, '李浩01', '', 0),
(1230817173663223817, '李克增', '', 0),
(1230817173663223818, '李貌', '', 0),
(1230817173663223819, '李铭', '', 0),
(1230817173663223820, '李伟锋', '', 0),
(1230817173663223821, '李郁辉', '', 0),
(1230817173663223822, '刘永强', '', 0),
(1230817173663223823, '陆超', '', 0),
(1230817173663223824, '罗礼芳', '', 0),
(1230817173663223825, '罗维杨', '', 0),
(1230817173663223826, '毛幸', '', 0),
(1230817173663223827, '梅尔嘉', '', 0),
(1230817173663223828, '牟长乐', '', 0),
(1230817173667418114, '钱敏', '', 0),
(1230817173667418115, '钱志明', '', 0),
(1230817173667418116, '秦学宁', '', 0),
(1230817173667418117, '秦政', '', 0),
(1230817173667418118, '全亮', '', 0),
(1230817173667418119, '尚飞', '', 0),
(1230817173667418120, '邵壮', '', 0),
(1230817173667418121, '沈云', '', 0),
(1230817173667418122, '施佳龙', '', 0),
(1230817173667418123, '谭乐乐', '', 0),
(1230817173667418124, '唐瑞麒', '', 0),
(1230817173667418125, '万国俊', '', 0),
(1230817173667418126, '王喆', '', 0),
(1230817173667418127, '王海晶', '', 0),
(1230817173667418128, '王家伟', '', 0),
(1230817173667418129, '王帅帅', '', 0),
(1230817173667418130, '王梓臣', '', 0),
(1230817173667418131, '魏新民', '', 0),
(1230817173667418132, '徐超', '', 0),
(1230817173667418133, '徐康', '', 0),
(1230817173667418134, '徐隆洲', '', 0),
(1230817173667418135, '徐三岳', '', 0),
(1230817173667418136, '许胜利', '', 0),
(1230817173667418137, '严斐', '', 0),
(1230817173671612417, '杨凯杰', '', 0),
(1230817173671612418, '杨刘亮', '', 0),
(1230817173671612419, '杨政', '', 0),
(1230817173671612420, '姚北海', '', 0),
(1230817173671612421, '姚宣成', '', 0),
(1230817173671612422, '叶韵', '', 0),
(1230817173671612423, '殷浩', '', 0),
(1230817173671612424, '张斌', '', 0),
(1230817173671612425, '张俊01', '', 0),
(1230817173675806722, '张丽杰', '', 0),
(1230817173675806723, '张鹏01', '', 0),
(1230817173675806724, '张一帆', '', 0),
(1230817173675806725, '赵顶', '', 0),
(1230817173675806726, '赵雷', '', 0),
(1230817173675806727, '仲慧君', '', 0),
(1230817173675806728, '周旭东', '', 0),
(1230817173675806729, '周亚', '', 0),
(1230817173675806730, '艾阿娟', '', 0),
(1230817173675806731, '白敏', '', 0),
(1230817173675806732, '蔡旭阳', '', 0),
(1230817173675806733, '常钰', '', 0),
(1230817173675806734, '陈喆冰', '', 0),
(1230817173675806735, '陈方', '', 0),
(1230817173675806736, '陈红', '', 0),
(1230817173675806737, '陈文强', '', 0),
(1230817173675806738, '陈新荣', '', 0),
(1230817173675806739, '陈舟俊', '', 0),
(1230817173675806740, '陈茜', '', 0),
(1230817173675806741, '程威', '', 0),
(1230817173675806742, '储慧丽', '', 0),
(1230817173675806743, '戴文宇', '', 0),
(1230817173675806744, '德娟', '', 0),
(1230817173675806745, '董承权', '', 0),
(1230817173675806746, '范林书', '', 0),
(1230817173675806747, '范宗霞', '', 0),
(1230817173675806748, '冯佩佩', '', 0),
(1230817173675806749, '冯奕', '', 0),
(1230817173675806750, '付秀平', '', 0),
(1230817173675806751, '吴迎', '', 0),
(1230817173692583938, '郭勇升', '', 0),
(1230817173692583939, '郭志纯', '', 0),
(1230817173692583940, '韩影', '', 0),
(1230817173692583941, '韩昱戍', '', 0),
(1230817173692583942, '何静', '', 0),
(1230817173692583943, '洪建林', '', 0),
(1230817173692583944, '侯昭军', '', 0),
(1230817173692583945, '黄福慧', '', 0),
(1230817173692583946, '黄一夫', '', 0),
(1230817173696778242, '黄志亮', '', 0),
(1230817173696778243, '贾水鲜', '', 0),
(1230817173696778244, '江银波', '', 0),
(1230817173696778245, '蒋国华', '', 0),
(1230817173696778246, '蓝林源', '', 0),
(1230817173696778247, '杨青', '', 0),
(1230817173696778248, '李露露', '', 0),
(1230817173696778249, '李书军', '', 0),
(1230817173696778250, '李霞', '', 0),
(1230817173696778251, '李小改', '', 0),
(1230817173696778252, '李玉伦', '', 0),
(1230817173696778253, '李苑青', '', 0),
(1230817173696778254, '李镇01', '', 0),
(1230817173696778255, '李琦', '', 0),
(1230817173696778256, '梁伟', '', 0),
(1230817173696778257, '林振淦', '', 0),
(1230817173700972546, '刘建城', '', 0),
(1230817173700972547, '郝甲兴', '', 0),
(1230817173700972548, '刘蒙蒙', '', 0),
(1230817173700972549, '刘启金', '', 0),
(1230817173700972550, '刘琼芳', '', 0),
(1230817173700972551, '刘仕娇', '', 0),
(1230817173700972552, '刘涛02', '', 0),
(1230817173700972553, '刘洋01', '', 0),
(1230817173705166850, '刘叶静', '', 0),
(1230817173705166851, '刘贞', '', 0),
(1230817173705166852, '刘婷婷', '', 0),
(1230817173705166853, '龙嫦婷', '', 0),
(1230817173705166854, '吕鸿颖', '', 0),
(1230817173705166855, '吕庆', '', 0),
(1230817173705166856, '罗燕萍', '', 0),
(1230817173705166857, '马红', '', 0),
(1230817173705166858, '马腾天', '', 0),
(1230817173705166859, '马紫荆', '', 0),
(1230817173705166860, '麦麦提依明.艾力', '', 0),
(1230817173705166861, '莫丽琳', '', 0),
(1230817173705166862, '漆云云', '', 0),
(1230817173705166863, '齐琦', '', 0),
(1230817173705166864, '沈巧银', '', 0),
(1230817173705166865, '史学玮', '', 0),
(1230817173705166866, '宋佩', '', 0),
(1230817173705166867, '何迎党', '', 0),
(1230817173705166868, '陶行天', '', 0),
(1230817173705166869, '陶江洪', '', 0),
(1230817173705166870, '万丽', '', 0),
(1230817173705166871, '王长虎', '', 0),
(1230817173705166872, '王成01', '', 0),
(1230817173709361154, '王飞娥', '', 0),
(1230817173709361155, '周献华', '', 0),
(1230817173709361156, '王凯（备件）', '', 0),
(1230817173709361157, '王力', '', 0),
(1230817173709361158, '王权', '', 0),
(1230817173709361159, '王涛03', '', 0),
(1230817173709361160, '王伟权', '', 0),
(1230817173709361161, '王旭02', '', 0),
(1230817173709361162, '王学丹', '', 0),
(1230817173709361163, '王章成', '', 0),
(1230817173709361164, '魏冬雪', '', 0),
(1230817173709361165, '魏菲', '', 0),
(1230817173709361166, '魏瑶', '', 0),
(1230817173709361167, '巫倩文', '', 0),
(1230817173709361168, '乌兰哈斯', '', 0),
(1230817173709361169, '吴伟锋', '', 0),
(1230817173709361170, '刘礼丽', '', 0),
(1230817173709361171, '吴昊宇', '', 0),
(1230817173709361172, '夏岚', '', 0),
(1230817173709361173, '谢长钱', '', 0),
(1230817173709361174, '谢如雪', '', 0),
(1230817173709361175, '徐巧', '', 0),
(1230817173713555458, '许学军', '', 0),
(1230817173713555459, '薛嫄', '', 0),
(1230817173713555460, '严华', '', 0),
(1230817173713555461, '高卫国', '', 0),
(1230817173713555462, '杨晓梅', '', 0),
(1230817173713555463, '杨雯', '', 0),
(1230817173713555464, '姚茜茜', '', 0),
(1230817173713555465, '于巧竹', '', 0),
(1230817173713555466, '余娟娟', '', 0),
(1230817173713555467, '完颜飞', '', 0),
(1230817173713555468, '袁德照', '', 0),
(1230817173713555469, '袁双钰', '', 0),
(1230817173713555470, '詹平平', '', 0),
(1230817173713555471, '张洁晶', '', 0),
(1230817173713555472, '张久娅', '', 0),
(1230817173713555473, '张蕾', '', 0),
(1230817173713555474, '张明娜', '', 0),
(1230817173713555475, '张萍', '', 0),
(1230817173713555476, '张蕊', '', 0),
(1230817173713555477, '张欣怡', '', 0),
(1230817173713555478, '张蓓', '', 0),
(1230817173713555479, '张昱昊', '', 0),
(1230817173713555480, '赵峰01', '', 0),
(1230817173713555481, '赵佳保', '', 0),
(1230817173713555482, '钟其勋', '', 0),
(1230817173717749762, '周斌01', '', 0),
(1230817173717749763, '周敏', '', 0),
(1230817173717749764, '周培培', '', 0),
(1230817173717749765, '余雷', '', 0),
(1230817173717749766, '周樟平', '', 0),
(1230817173717749767, '朱许杰', '', 0),
(1230817173717749768, '闫乐', '', 0),
(1230817173717749769, '闵新权', '', 0),
(1230817173717749770, '昝德仓', '', 0),
(1230817173717749771, '雒顺叶', '', 0);

-- 密码
INSERT INTO uas_user_safe values 
(1230817173621280769, '$2a$10$IS4MQyfd6fV4ltIv8zCy9ejA8K9Ks9sH5TvKTkjEomoKaLGTNvcO.','',''),
(1230817173654835201, '$2a$10$fAZBL6m0lBsMvtljIrC1AOCThfNhthuTOcv9giHHRqnR9zzIWneg6','',''),
(1230817173654835202, '$2a$10$43WUowhpvoq//bSdQyZsR.iRFzx/kz0pNE8/Fdqd3VqzluZrjiDU6','',''),
(1230817173654835203, '$2a$10$9peNxyNnD/9zCdi1111bxuokDkLRlYuRNwlmB02hZexrt551E9BF2','',''),
(1230817173654835204, '$2a$10$PHiG3JZJTaXxXuiW4FPbq.K/.bl1EdVI3Br39yIYrH/CYTNWTrRta','',''),
(1230817173659029505, '$2a$10$NGBnO/shrCSFkjpFdbWR/Oa2jWUJ5vq8PXgm9yhqn5IhqulFaCR0W','',''),
(1230817173659029506, '$2a$10$rQ4oq9RHLTjYgffjpQ/9LeT7mYLvPxNRWxOMD6Y5IA3AbYlm5.00a','',''),
(1230817173659029507, '$2a$10$a2mXfYbzZcKlaMLDowyNR.WrfZ0qkUd5lf5jJ3cJ0dMwcFa0W1Kqq','',''),
(1230817173659029508, '$2a$10$kNwAw.IntOYR.dwaVNVmH.JMzIXYXHyGum9gPXQJbG4CGSmJjRICW','',''),
(1230817173659029509, '$2a$10$Y4vSkQXKhmXGLkW3F.kRt.XJsfvQ6cGaIfCE.YLM2WwYjH9yWic06','',''),
(1230817173659029510, '$2a$10$64f0Mr3b5rjVeKul5Fij7epQBxshnGFWM8zDimdeR7neOKeq3fixa','',''),
(1230817173659029511, '$2a$10$Ug2cUtuL5dN9JLezp6PLse0y1FtUR2S4eRsXZ/9oBvXhm9DZwJ3ZG','',''),
(1230817173659029512, '$2a$10$onEFeE8N58iMn3LRxoTsYen8kjJ0bPBaGlVoWKeZh9Zu5ylYNwYdu','',''),
(1230817173659029513, '$2a$10$zK/Itg54fFynCq8DkaR.4.UQA3.QrjTYXlf2zccHI855y5UvE9bCq','',''),
(1230817173659029514, '$2a$10$wNWSMX/EEgxaErLSshbiJuTVTYVl/SzB/U5Mp9XcFi5MO447OoWS6','',''),
(1230817173659029515, '$2a$10$FKOU8SJ3ukWyV8FGhotzXOw8lLnEYX1dlgo7TFkzKAA0kdwtZahn6','',''),
(1230817173659029516, '$2a$10$5YVyquUJJJHDvl0YRyQgZOp3Mlds0u8dt3nciTHCBIr4X6YZq4Doq','',''),
(1230817173659029517, '$2a$10$K3v1YIcFVH.oqydEasFJ1uPGAv1019qIiD0uGNESyIUJ3ajF5uL.m','',''),
(1230817173659029518, '$2a$10$t9JMK.If8VMPBCa/yhInbunPxBWVlbVr7rO9aS7MJNgODFsa3wqVO','',''),
(1230817173659029519, '$2a$10$PMeKhg3rtfyhs.IsoJnJaOY6KISTkKdTO6SZ5B/3Xm9wvsStYLQPi','',''),
(1230817173659029520, '$2a$10$PRaW812yBK6sYRtfjNgpPeqIU8zx3jDBTkC0JE4M1nygAnOe4Z3fC','',''),
(1230817173663223810, '$2a$10$ei4GL5hYtTZqYVcdfAcQMeFIbJkJt.vhVnJZz9siih7GDuxCo8IMO','',''),
(1230817173663223811, '$2a$10$fgHbCVUsnaM.Y0uwI.gVXePi4HhMXdMDB9J.5bLLrSxEluR0/JRvK','',''),
(1230817173663223812, '$2a$10$YYaw0mTw1FR2ARE4OAkYquo2dt.Hg/ChrI4GVV4uvMyAUBmXhF1OO','',''),
(1230817173663223813, '$2a$10$RKW4W.2YBAyoiUoXILBPVezi5xttO8iU0MqnBJlTo4XoSzH9370sa','',''),
(1230817173663223814, '$2a$10$3.D5oXSNizUsvwYrtYOejexWuLiNd.fbfQeiCIMU3W29eyM4MH5.G','',''),
(1230817173663223815, '$2a$10$daXQEdSKguCoblvyt6iEs.ZUArfgxuF/VZpNDP54yVxuiJUkzWTT2','',''),
(1230817173663223816, '$2a$10$SKUrzyAT5YlMSmPNp9aNGOzECAELP0qu9G4MxGva5GEyTS06lJr0W','',''),
(1230817173663223817, '$2a$10$FtJm9HorHFq.umYHsMxCKev3gYAagl9BiqWSI5H7bTom6W4rkyxza','',''),
(1230817173663223818, '$2a$10$WLZqOqgd7e7CQa8nzKOMW..P6K9P6LR.f4kkrZqdXNC2mo8I0Bjum','',''),
(1230817173663223819, '$2a$10$Kn8a0Nbg/myXib7raEg9gudJyf5CbCvsgv0YPKrCZrMImGXUZgSfq','',''),
(1230817173663223820, '$2a$10$T/WMnFrVEWARmaSTPZ9nz.VuMUG8ITXx.tiDYBSvLCHLSy4qzqxU.','',''),
(1230817173663223821, '$2a$10$.77npKDXbteoIeVCu.goS.gPmTeFuPd5Fb/l4lgJ4w3Zebf3O.h5W','',''),
(1230817173663223822, '$2a$10$rjtqASGLvnGdGtci3BPQ9ezNGLwt63JgN4LAL/vV.kINJSPea6m9a','',''),
(1230817173663223823, '$2a$10$Tm33R7EaMaMQnF1MxcFTmO4vLkYR837jAKLOSniJXGGv/Xqbfp9ZC','',''),
(1230817173663223824, '$2a$10$n4FB4bW0OIyKhDC2EQRsTe0z0pP.vBWcKc6vaa95I8omUI.OwoDGC','',''),
(1230817173663223825, '$2a$10$f3HQ4mvYxGE9MbXVGJB6YeitFnD7gJd8xJQk4FivzdofvU408S5Lm','',''),
(1230817173663223826, '$2a$10$NdW9jGElPwFBngZL/Lp8.Ol6sAubdEUu5C6gBcfXV32AIXdwj/zzu','',''),
(1230817173663223827, '$2a$10$Wd47I2.lU7nbyf2G7y7QU.rfOBvBx8Q0Q75tZCeXAZYF5aP083QXi','',''),
(1230817173663223828, '$2a$10$3uZDQmZhciE7EWQo0oyCEet.V4FVR7g4fxx6pcx8YCxa0u.RV0gAu','',''),
(1230817173667418114, '$2a$10$55uhd9myrWxAT5fNzEREOOCRQ1bfKHrjHOnGkytPl0k17vN8yaEzu','',''),
(1230817173667418115, '$2a$10$wXeaFZdUxeDlOSMbegUsj.gItB4hkHai2M8.pZmRR4lvSfeXmZopO','',''),
(1230817173667418116, '$2a$10$vl1AjDiFYyBrrEUaPz2cR.rd2mxK.vy/sL3q4nuzmeNgDwJGLpmRK','',''),
(1230817173667418117, '$2a$10$oyhGSGaDAzk6hMc7QmsG..frUXg0d1lI2nU80bFslg0bL0ylsaNBO','',''),
(1230817173667418118, '$2a$10$jrBUZ6WiD8930mPEICo2H.8gmeTd6hP6W2zpw.T.Vfc8glObA.odW','',''),
(1230817173667418119, '$2a$10$Mmzze16AICA4MCh.yvn3leJq21bf4zD8ZGQrUZOepBumqCZemqD6G','',''),
(1230817173667418120, '$2a$10$fD2JarvZrV7Ev21XUBRuWeeSGDlFwWrlpx1vUeNhcY66bQh.bOZEi','',''),
(1230817173667418121, '$2a$10$53GIdd4v6XkjO1aFmpWfHe56ovm7dPP56dKqTvxEkLYSGD8xStx9G','',''),
(1230817173667418122, '$2a$10$X8i45IgHzDIagvpbrodk7uwxNK9Zf1e7tm.iKHX2zgAcpI4gkvVTe','',''),
(1230817173667418123, '$2a$10$LqqyGOuG7EZCzM7vuqTSduo/Ku8bNAnnPId1FWVwDAL35ZFURszHK','',''),
(1230817173667418124, '$2a$10$7HUVMsy4UqWbYHpYVOS9ieRL1ofCBcUIgRDUnQrAc6Qp6icsffftK','',''),
(1230817173667418125, '$2a$10$MMBiYK.ptMjOR.OgkiD.jeBU8z26ICtQAR3.Gw7DvOpGLz3BbuU9e','',''),
(1230817173667418126, '$2a$10$WWJgvpd8yezizZZMD1ks8efqUSnIMBAOg07qD1XSc0NhKQ.3PDpiS','',''),
(1230817173667418127, '$2a$10$J1uUkgToOq0wiyjo8Kfa.OnqpNPUqSzh9J5XWGxcZPYuNtZ/YFv2u','',''),
(1230817173667418128, '$2a$10$WUWrOSXazBE.2pFXd4NrjeK.llOQjioXj0TRQt0MGoSOueEVPY2iy','',''),
(1230817173667418129, '$2a$10$j7SaCcz/vy2q/g3f1kqDhuFU7mxwPuFmeTwZTRNdfWUy565XFe4cG','',''),
(1230817173667418130, '$2a$10$6Sdl2v.k2hOig.9Tk30o2uFbZBnDrz/Xcf671ht1n/d1LcP4Z3SAW','',''),
(1230817173667418131, '$2a$10$65M6BgGhlvxFIgU6qv/5RO6nvMF6Fe4FQya9a.haRGUYzJfvu0WT2','',''),
(1230817173667418132, '$2a$10$///Uxt31UMHYUQY9sOlaruIv1a.APw344goG6PVciff1WovcA8MN.','',''),
(1230817173667418133, '$2a$10$5Pj6m7EGbB/JWlSXUfo.uerIlu0g73mXRYtqLnSln5HRhOjMsIxOu','',''),
(1230817173667418134, '$2a$10$KqSctj1y5Eq5fxykkUiVR.eX8xHqG9hihiRiz5Mbj0LLP8iQuJGou','',''),
(1230817173667418135, '$2a$10$mRq5gpRhgnR55d3AZ0lyzeo1Gbd0e3pRiha9QL5Y.vyMyj1fPvJ0a','',''),
(1230817173667418136, '$2a$10$XFBn3kVlftYD2eCwbBG9v.HNWpkV4OcD.34Swpx/EVb8dz/8vEr7G','',''),
(1230817173667418137, '$2a$10$qQLZ1mVKFqeKzLehi84kveh7WJmozUnAhMpH4Ni2D/6G1K3X5BFAK','',''),
(1230817173671612417, '$2a$10$EBGoa4tpAfOsXWKO/GwtfOPgs6r2ct.BBan5AFY1gh74N3G16kWmy','',''),
(1230817173671612418, '$2a$10$1Fk5../9zctCcCBQRL1IW./jHsGZtHi1d4cZ27JmGtwm7z/6.aJ5u','',''),
(1230817173671612419, '$2a$10$951PqWMt3npymZAoYFQHGehKtahaUJpPp7WxMVVGaubhJm4541iVK','',''),
(1230817173671612420, '$2a$10$/fxj2HX72wVcfkNQ/VzG8eW53.vU5VxtgAoUNoii4cLec1n67QDRG','',''),
(1230817173671612421, '$2a$10$AvTT6UmBQi1SeNiCyUAs8.W6kJOstkNv4F6qjaCVhyOj3NHtqvMJ6','',''),
(1230817173671612422, '$2a$10$2BLL08p.k4Z14NEAnEPTGuiOr0/CFHoI4wZjk43Kb0wziFxa5evSa','',''),
(1230817173671612423, '$2a$10$LGLKwQyK4BCLij7id0HdIeQcN15clhmhsEjkxcSM07dcDBQXawKL.','',''),
(1230817173671612424, '$2a$10$Ycb6c5U7brug0X5Nh6q1Vu8DhQxH.N6VlP5OanB/rhW2vRzxEpgg2','',''),
(1230817173671612425, '$2a$10$SOM459.fyinfBzQpT5Qse.UZScZxz.V268SQaynJOj5i1UiGu51AO','',''),
(1230817173675806722, '$2a$10$b0U.dpNyUW2oyzLeYDB9NugWWkte.u2URp7sbDM9eYxadqPKy6.t6','',''),
(1230817173675806723, '$2a$10$uzA.Qya8VkOaPFHeGUzOQeT79FyaANT/23OXQRQHSL/A2Vd88Y7oy','',''),
(1230817173675806724, '$2a$10$Ok31B9p.H3QmmU6fxp1zVueq9Vlsow5qvjwwtEko/fOoCttCHAl7i','',''),
(1230817173675806725, '$2a$10$oBvYJtD3Vx/pplK8otmtfuI8Fpu/GsciibrAFh2l9LIfjjfP8yvM.','',''),
(1230817173675806726, '$2a$10$Ute8xNgYHv0/b.IiOXcj/uuHuB2dls3Sy3GJ6Gxr1GACydC8lOFU6','',''),
(1230817173675806727, '$2a$10$X3r.6HGolMN0U2SaibSjVOPGGJFXvEHFT70m/rFIQnXVIoey.CiDe','',''),
(1230817173675806728, '$2a$10$UDofIlJlGPm4rjIv0mCEUuwadlURaFyY2G5GyDDSusYX8SfEPItee','',''),
(1230817173675806729, '$2a$10$6NmFNxiZxAIUB2IUR4Onc.AwiVDy0yOBp5xEBg1H9Md8bDzjwMZOe','',''),
(1230817173675806730, '$2a$10$qfg6.0UqakcFM//u5vv6muCjfzXuYLVKAJbEx3hWZW6p6i1LzGSGG','',''),
(1230817173675806731, '$2a$10$UBU.eG/lsoaMgmh8SC7m6e84OuPpuTgN8/fiG26d0e5gB2sSv0Gyu','',''),
(1230817173675806732, '$2a$10$XAM7T49KN5gNg9VGJHg6gOL3dLDNFbMy0ewZlPv8kpTBTxO0Xr156','',''),
(1230817173675806733, '$2a$10$nLpMBaM81XMOe1/F2ahWyeFw/eFKvG540NBJgNt59kL9IuTuCG4mi','',''),
(1230817173675806734, '$2a$10$ufKY0WJv6xeRzi4LrkwHSugK5w9KlY3relMIy8suh62IstT/ah4L.','',''),
(1230817173675806735, '$2a$10$.NXz4zYJr9gL0YDOu2at7.jX6T1gdK9t5Hq1Z7tUBbkyM4xmnZ2WG','',''),
(1230817173675806736, '$2a$10$yct4ahsxPGAcGZOgTj8WYec0V3KTMY6Iand4Li/Ix235DixXIg/Ma','',''),
(1230817173675806737, '$2a$10$X1erShCPK5uBg9wSAiA4xu3e8EFl6Vgxe02VPKWkwEVaJhCHEkLDW','',''),
(1230817173675806738, '$2a$10$ymyLJWH9TGjdTx1GtsP65emCMFMU54Vb5Vw/.Nin1gOpr0XeresNu','',''),
(1230817173675806739, '$2a$10$DeSFpPPybwwz/D20t57ryO5O94Z.aqslRakg.HkmzMfklOY.telnm','',''),
(1230817173675806740, '$2a$10$H8iZ4ARedtf/.AYLJdgCAu0VCFr9Uhdz8Y/EUU4zNE9PLFvI1e91S','',''),
(1230817173675806741, '$2a$10$89SVFeMB6SGsLpmK7gyLTuJtTToOjRJgaOKRxRXN6EeqGvihtLSlW','',''),
(1230817173675806742, '$2a$10$rGWiAb6TG3IAWDG7mTY.6OYylwl9YB9vDFQaoH40mwD2IgmGz.ySi','',''),
(1230817173675806743, '$2a$10$z8tCGjbtaGcCq2cg6Fxaeed2AMYVING/PDA6fhJmu5XzJ01t75p0S','',''),
(1230817173675806744, '$2a$10$3qXHxGMIPpCCeaNEWDVnje5A8oO0uE.YAUQ8krJx2VfVba59StYwq','',''),
(1230817173675806745, '$2a$10$j8IzO4m./PiPVUJf6dI/EOi8Ek/SeApsiU9N5Q20eduRJeBurVVEW','',''),
(1230817173675806746, '$2a$10$D944NceawuTbops6Jzhm7.WE8fRcMAOxCTManaZhWy1TFpuokNnrq','',''),
(1230817173675806747, '$2a$10$/NuMIZDou7njrFZhonCPlugMYWC4VmUXJYhFebRn6T.IqyGv71xw6','',''),
(1230817173675806748, '$2a$10$JReGDW3EWa7keA9vScy3h.z.gG1eW7/iWs2PnJsGwDh2ux46WoEXO','',''),
(1230817173675806749, '$2a$10$xSbZn5uoKjkfXSXxk/YQzeRJ0gKfOkFbxKfi2uHkRiO1UB/gO3Q36','',''),
(1230817173675806750, '$2a$10$el8whvdvB0josB9X5Oik1Oaxn7ranpAkApgE0gs7yAT9pkiC8I4lK','',''),
(1230817173675806751, '$2a$10$b3bwNt6pJi76ibPNvT89GuBicO7Kx3u7K2KSttCZq6CKfhAmz9P7i','',''),
(1230817173692583938, '$2a$10$3l6CG/Bj3wBhJNUaJkm0UOREeBkE7A1YTbSEpoK2tJzSGc0t2dDiS','',''),
(1230817173692583939, '$2a$10$KsO6cnqRe8VWzqot865mZuIaDmRtRXCrIoUj5fXbvthHqPRMSK5Xe','',''),
(1230817173692583940, '$2a$10$zYoen/hYVHNANaWRAWSbpusIOKQ6ZbSd6W2Is1.nVwi1y5DXF7LRW','',''),
(1230817173692583941, '$2a$10$OAqPk93VwQMp7V6mSSIAJ.YJkyVq.DWvbdGYvam9XZAaxLmcuNmc2','',''),
(1230817173692583942, '$2a$10$vEd9xhd6p0yD0gn529XIVOM9y..TGHrhnhm53X5r6qfoqLoUSPzAC','',''),
(1230817173692583943, '$2a$10$lxvm3.ti250x8CCyGJfyl.gx4ou06FZOZm3YiBSlBOTdCmX34.y4a','',''),
(1230817173692583944, '$2a$10$DJ3.h.CK4wDt4Tpvh.S99O53fD277If/W10JuGfPoI5alryMTxcEW','',''),
(1230817173692583945, '$2a$10$byRp63u43kfCj47nkTUm3uqhyMrSRYdX3OzTVHBD8RwENNwKTDVvq','',''),
(1230817173692583946, '$2a$10$NEhQZCOzd6kYu/Skex9YiOeJohf0UHHV8aQaJ2tmgLp/AZbZBJ.tS','',''),
(1230817173696778242, '$2a$10$.5/dqpMILM2Df33btaQlcO4DVLeZAUL6f7M7a5yiTy3aDZoPsAK26','',''),
(1230817173696778243, '$2a$10$zcWzHthzF17ZPZU.Dn3eUOl430zF39JlvZMUGkf5mWpJhXlWBXPnK','',''),
(1230817173696778244, '$2a$10$V0y6jQ99I4eVs78ZaSsEuuqeqJ8lgVM3EzRikzq.I8dsdarvNWHT.','',''),
(1230817173696778245, '$2a$10$/pGwqbAfR47Dqg.3SPL2kuddeJQUdDKdRagfG8O8JzLJC10Ig/aZa','',''),
(1230817173696778246, '$2a$10$WS3YS1hN95J3sUVws3vFluohmwe.cn/sFKUx1GpS99wfug3.m9Mdy','',''),
(1230817173696778247, '$2a$10$kkFoQ9Ry.bwsDVby3Kw/5exawWRCOezQfXwp1L9WW0l8eIKfhzoVy','',''),
(1230817173696778248, '$2a$10$ofAp4BMS1LskF5eyHlV17uTZcz05jJSPhIN2dMHmywhsZPcwSDcMe','',''),
(1230817173696778249, '$2a$10$i8ET7Tt7spxnl9Uw3KLEQ.mD9xOqvF3UuzITP/4gPI7Qzj/I1h/Jy','',''),
(1230817173696778250, '$2a$10$NrxPnZ8i0On9g0L9epRGf.p4SymuSXipN6q7NuRDQmo2MUGIusKb6','',''),
(1230817173696778251, '$2a$10$IdeYYNDMVq5Q//P1aCB1c.FJhE0ykHcj14UTWAupVCILL1DySLgXa','',''),
(1230817173696778252, '$2a$10$6K2Blt8kb70ZB0cFODJtVOPUsbK9IBFYBK/E7IgJOx386Sl0vlZPi','',''),
(1230817173696778253, '$2a$10$wHjHI04Rjq7UyUn00bxvBOTzpEIBlygk3ai.lovwX8nJZekArd9mS','',''),
(1230817173696778254, '$2a$10$Oba.LvMJefFYHW74D.mg3Op63ZqAorluT/cmTafpjim5.1PdmFzS.','',''),
(1230817173696778255, '$2a$10$LxpBU2bCbUepRUhGrNQ24uKqemYgXKhYmBAflkfarXJF47YIESi.q','',''),
(1230817173696778256, '$2a$10$mifWTaok0Ay5TAeJ/4VZIuq8GN23ktuNuSWTu2SC74Q0ng7n.ei7i','',''),
(1230817173696778257, '$2a$10$rv3n7Scw/8XbWxz.ABLUNOC8Ild.PvDy91AQBal5HzAFld9X.RXzW','',''),
(1230817173700972546, '$2a$10$kH8WI/3WU/rIvtLU3wmTj.uJKB/gcwk8l08V74KFbfJFlE0k5l98e','',''),
(1230817173700972547, '$2a$10$UfRmdTuNMHV9wnaAJB/jAOKl1VU4kzIB5.r/SMRDyDY7TIFoRu5fa','',''),
(1230817173700972548, '$2a$10$OKFyEbnSXO5.VxNL4PotGutRZtXOaOAoI6jgutngBnXXYrfx2Sf6W','',''),
(1230817173700972549, '$2a$10$MEc6/NjjYCqU8KmS3skIzee8NFcXKQ5qyanbR2IrAULwgPYANu7bC','',''),
(1230817173700972550, '$2a$10$/Rl33inVuesjsTM2sckLVOgAE0cH1RaZFHhg9/PCzNOan/LkW5any','',''),
(1230817173700972551, '$2a$10$noUV9nhsqaUVUkpH2hW3oOZwCRRqFqJgFkY/hc9nJxaA0Zbp8bqCm','',''),
(1230817173700972552, '$2a$10$iUKppUlL.TUCjyJWwxUwtOS5a3v1k/cs7Q8X0trNgXWTDQfSIDjNq','',''),
(1230817173700972553, '$2a$10$3H/stc8pdH0fem.3MggMwOEEveSnR.uvai5YZGy0kE8TWiHVge7FG','',''),
(1230817173705166850, '$2a$10$3/qVQDpKdhV.6Z.sgVLejeAAP7F8Ojfbdc5aY58gT1fxzSq5odsFu','',''),
(1230817173705166851, '$2a$10$CWhuNNJSwXUq93a.OhatcO/o2FmRHgQwzxG51SVEn55bHxw/LyWlG','',''),
(1230817173705166852, '$2a$10$XZVFTZSoEJeC4UfHAj5Zfe3GJNbul2nimXnwkCB4rCCQ9WGvQiozK','',''),
(1230817173705166853, '$2a$10$BbAjD5KrM.SSNMCoILvD1uH6E45J63KoZJ4DGjCDEvzCMoAODTLJG','',''),
(1230817173705166854, '$2a$10$GLD26xPtuhqxMB7xJ7vwEuFdsBfQSPhLyR2pinqzOrv3tFZ7P4qfW','',''),
(1230817173705166855, '$2a$10$n6nDHCRlQ3PWWT8ZF0gwfeNrUxzhAhoNuFDGLOZ8rEg.94t9a7Iw.','',''),
(1230817173705166856, '$2a$10$QTYZ6s3w3g4MP0bobRZy8e2pI/0.fnL9hy8gGV16y6hkvDGRoBNSa','',''),
(1230817173705166857, '$2a$10$BSBB.CteZ0rasbhPnmx5N..f/o9xgY3BT0wJi0ZgZwDzk8jY84DIW','',''),
(1230817173705166858, '$2a$10$9ymY2y67wcxrZMxbHWTbHeSPB3Xfr/EI/tpMAqUoRJWSieQZAGJ/C','',''),
(1230817173705166859, '$2a$10$67kHHc9kILJcoiFo/MET1eJtAc0D2gF0o2Yy2Ac/Qd6uCc2dLwmQa','',''),
(1230817173705166860, '$2a$10$BAVIaZ9DKSqbqoWdVLiRbODTsVt8wF2v2tpmJj7u6oy1sSltjUrTG','',''),
(1230817173705166861, '$2a$10$SmSE7V0SX1IWi4zSWWX8/.yrsTBNetrBa99.XK9UPwnV8XKCAQEyi','',''),
(1230817173705166862, '$2a$10$8SPUbhic16Olab4P.4NkpOwNOVBvBfr08fBlvYIlh7jE4R89QLkiC','',''),
(1230817173705166863, '$2a$10$9R.CJmuiNQhCOEfbsIwH/.l6JA4JIDhxocqdTmh5m6KcBuDvxuQRe','',''),
(1230817173705166864, '$2a$10$yyq4NiskFQxrnsBnzkZxcuVO1Hzy5m/KK32zFfmBrsbE4QWV4Q6QO','',''),
(1230817173705166865, '$2a$10$97xkT8VdFgSV3Szbx.J99OA4OZXB5RE2X2hwV5Ap6yt4NNzODRiNO','',''),
(1230817173705166866, '$2a$10$MsrMafjHEY8sLu/xCd8qm.h.AEs.l8IGyCp/zHHn0GE7m4ytCGqiO','',''),
(1230817173705166867, '$2a$10$Goz9CLkZRxOvElFuzl/dKeHF.DFQvkdnngwntuIie3Dq4a0whwBf6','',''),
(1230817173705166868, '$2a$10$YYHci7.DH6qhPK6Woa1TUer9OR2jsb2KKV1Loza.DHL3gh29Be012','',''),
(1230817173705166869, '$2a$10$9eJiwrVlVXJ4VoQN4UvmKeJC3u7pWC4sLQV8U.xgQexrJl0kX/B5q','',''),
(1230817173705166870, '$2a$10$ncHg7dNCOl.52z1q7scXM.RHQ7Csa.EQ8Gowx5WHEbTJ2qWvr4lvm','',''),
(1230817173705166871, '$2a$10$tCauDphyJVDTrjBuiW0GWO4vX7jgPIkVbGPBUwO82HZB6XWYTJliO','',''),
(1230817173705166872, '$2a$10$PGiP6NszOpFvofa5mUTphe/HvXlB6ufudrZfBGarp2Tf0bjeDnJzO','',''),
(1230817173709361154, '$2a$10$z2t6.yG7.5yq1XDy/969AO70N0qNNwrv6z.G.DZoc9jla31iRmEaK','',''),
(1230817173709361155, '$2a$10$qXyvb0aSjJ.EfhckOC6L8uLKduV/.34GiWPvH/sYJsaqW3TU7Q9m2','',''),
(1230817173709361156, '$2a$10$Vvoo4E1ny2HhzHlOOgkOTOTw5Dw/jHe9RYyeeAzt6U/zJh0n/4Qli','',''),
(1230817173709361157, '$2a$10$Kj1TSLi2XSkpNHxRJJt32em8dI6m1CBwdZKOXX3gTuJtclGnuhsLe','',''),
(1230817173709361158, '$2a$10$JMsnTnRyM6ZhTqfRzdk0JeTkn5ifz8ToeZkcKfgX5IDUIaJuZs2A6','',''),
(1230817173709361159, '$2a$10$4uJBvHCPxaDBw5IdMngiJODQ21VVqAZXCYy3P5GhHbEBcmxMPxEje','',''),
(1230817173709361160, '$2a$10$SND.ADsPMOYnUFEsJzas8OIzEffM1JdS9ECrr4yqO4DPOukS84j7m','',''),
(1230817173709361161, '$2a$10$Wr5ZjUBDvNeWbxFwKXTvI.F.10pGd.zUbjc9kyGZlc93bnwZ8ggQu','',''),
(1230817173709361162, '$2a$10$qCG0Eg9O.6ECdMCbp44uUOG9dPScr2fdn9caVIx.A994eaPbtyXIm','',''),
(1230817173709361163, '$2a$10$Z.VUzXy1F23Bj.Gx/JaQdehDzEui9hNc.c.HaP6RfGD7WaLOhGitq','',''),
(1230817173709361164, '$2a$10$CQ4p7yxpYvpdnoa5ZV/QS.ceCJvovX6hU55LcU51pim8hGjYFK9E2','',''),
(1230817173709361165, '$2a$10$gZKLmusnS4jg1uIAGMg44OocDBdfa4AG9xmqXqiZFFt85locF6oh2','',''),
(1230817173709361166, '$2a$10$/HGqZOnLIJoe/lTwBVwGOOolT33Ucx9aD5N5sjwUcJbqTgisTWpPy','',''),
(1230817173709361167, '$2a$10$QkR0nCnWeMoYt7YTVN1VCeAsi6O5u6nJqSYUtMc5qFj.lccd4G.lm','',''),
(1230817173709361168, '$2a$10$QohC8/V6Ur3ab/l4RfYbvui3zIdzK/3j5qEzdG9TBkDYGn5vrJRRq','',''),
(1230817173709361169, '$2a$10$gqIWQXRJt9Wrn2xrVMU2xupWZUEYwib9aukoA9S3eRlBdQRtmgTey','',''),
(1230817173709361170, '$2a$10$aReTs/kbAO2jhGGiqMGW7eHFfOaEh6UsQDRKogkoiwUbvcA0CXnUW','',''),
(1230817173709361171, '$2a$10$KsCsbacKq.F4OyUi9QhaTeg.3kEgqBmnSI6A9QfB/ZocTQMJKLXgO','',''),
(1230817173709361172, '$2a$10$AZzdk2R.3LfPNyVfASrmD.p5rMP2bHot25dnXvSQ9NKxbHCO3G0oy','',''),
(1230817173709361173, '$2a$10$QSjeieP/j4/pFqlFXJgsNe1qw/lQX8Mcn.VbMfs4K7PDQJfuhoNgy','',''),
(1230817173709361174, '$2a$10$5GLVpDVnT3tCV8tDLUTVn.AxVgB1BtEF6OBoi/jvCuWy0scPsMA0S','',''),
(1230817173709361175, '$2a$10$Lmq9h1BkAmb81rQJwvs0juy6dc1ClsGMg9gCupiCXj5fZJubiRZX2','',''),
(1230817173713555458, '$2a$10$dY2VE9cHSFVGv7FAl/RAYe2FVNEfC54WAY9LifLk3ChBinwkQj9GC','',''),
(1230817173713555459, '$2a$10$8DPiMu6ePie38eb7rifVC.RqqRQj5IdUcdRWzVlAfu7X0vt6l4mXS','',''),
(1230817173713555460, '$2a$10$0zdOE5H6P93RMdq3JuMcbe64ulpgodHVa8aguAgcK4W1efrXu6/y2','',''),
(1230817173713555461, '$2a$10$wTMgCKrMAWFDu/LOHYCh2OZ0Mkp4JjMYMFQf4LkS1XcFI.73VDaUe','',''),
(1230817173713555462, '$2a$10$tAUhjYluB8LU5ygbTWAX8uSKi3JyprB27kr5YoVVeTnXV8tiICkKe','',''),
(1230817173713555463, '$2a$10$ujRNuo3uSpmUr6npMefDD.yG0SFFTbYqGJ8ZbDlQrLf1ssuUb0ULq','',''),
(1230817173713555464, '$2a$10$lrn8bP/hh.3RnvObosROz.i5oeYxEW.GvicgyBq753cyZbUsHa53G','',''),
(1230817173713555465, '$2a$10$Pkno4gl/job3uFG1/q.aTOF.E/VSecnGz4ZmBN2KI4sWY//dg8Mg2','',''),
(1230817173713555466, '$2a$10$qjElCnEJ5j0TNgoRUO4n2uqhcxnAvcnE48NHz32qZqHIwPKX2SSrm','',''),
(1230817173713555467, '$2a$10$MsGi7WFKyVsw6Dn87r07M.vaSNdM3l.JelopFR3ARM7ISUI4ZjUtG','',''),
(1230817173713555468, '$2a$10$iDaQqzmtGo5bT3pLy4PiguT7MlLS1QAOk1XwrtXB89GU0kNMcm4qy','',''),
(1230817173713555469, '$2a$10$m38OVfl3g1ppaB086c4jsuyRunZApQz2Zgjj8iISNRjs0emYTWOle','',''),
(1230817173713555470, '$2a$10$fx.IwJLs9shiJl67hkKPaukGkm.Xu2fOKeAfkIHHWzYhd0TrAWYzK','',''),
(1230817173713555471, '$2a$10$j7nEzc02Pj3U2oZuIKJr5udh4y27KAPJsuG7f6FKglTFX.78R6JZm','',''),
(1230817173713555472, '$2a$10$UAa9qbzdgiMbFeDfqIPD2Oa5/FaBn0UKAqATz5VT.tNvNLksuKoGa','',''),
(1230817173713555473, '$2a$10$7P7PzjqcdnYVx83C4ZuPpOO1CYfBkNv2pCQjV0yvBCa24OPAtwb2a','',''),
(1230817173713555474, '$2a$10$gW.jzXyVUGD3bXwbTJVlBORRAmcmAqUcrXiJX4m.46VQX/ShFbDEG','',''),
(1230817173713555475, '$2a$10$8rjIMREUIcTokDNe8OAYheCCRJ2wkvK57dnNUYw66JvmMq.5I6kcu','',''),
(1230817173713555476, '$2a$10$U/ouGkjUlzikQ1W9P0LXcu3kETWa3oXNdcwXF/GE6LCbsezi7grSC','',''),
(1230817173713555477, '$2a$10$JYp70iD2ABSpTBaM/pNuYugWw8TQW72RdEJw56ppzBBw0tI9KxE6e','',''),
(1230817173713555478, '$2a$10$LarbWUVUL1zt6yBKfRsyUutaEavuVKvHgp7.In6WW6hKA3gul.Gwa','',''),
(1230817173713555479, '$2a$10$f5G3J/KULmz2v.CV45cAvOxynza98cnoZNBJqKtFF59Zcbmweibja','',''),
(1230817173713555480, '$2a$10$RPrSv2zxwaObEStf8dayuuGMWtFvh5jNxH6w/XL.AZ8WWROPgglqW','',''),
(1230817173713555481, '$2a$10$I929OUpIVogW6T3JBJnmuOAwBkSFrAoy4nT16UbRx4eyHPhhtybPa','',''),
(1230817173713555482, '$2a$10$5mJYfeq2ArfAShIS4j1F9ufMPD5H7EMjeIaef5KEOm9SAfSk6lchC','',''),
(1230817173717749762, '$2a$10$9sGv1wVnTOmsSJDD14xrMuLGRWCx.HwV0jRMQ.H0S1CbnG9CPCCdm','',''),
(1230817173717749763, '$2a$10$0Mf49NYGGSFKbHcstjSNdeQeSlJmcb/MIARfc4QGCLZ6iF9tEGn/S','',''),
(1230817173717749764, '$2a$10$H7dZIDPXA49MEtpAc7VpVOCKjg4k2M7zZmehHDTV3ZprQHUsHz1AW','',''),
(1230817173717749765, '$2a$10$dM.Uk/6QRr7CG7znQ/9hFe5EalDYyyFK0KorOxIZxAUPwVIFTTJDG','',''),
(1230817173717749766, '$2a$10$axIrwkoHmiwz/4gmi2ddju2ERQcjKs7yKdsSBDcCHUK7.e8nHxxjC','',''),
(1230817173717749767, '$2a$10$yngLojdynKgiis0/BSa/xua9zKqyPzx22CxwjObYHgwOBrgY8tFki','',''),
(1230817173717749768, '$2a$10$FaBP2pJO3GCQ3r8Qu/BZJOczbDcEcRhyyY7S11ZWyNoEi5QlATMxy','',''),
(1230817173717749769, '$2a$10$iHoOW3wp7pCWE2veTnDQO.Dq5IDvjzPY0HHUY0KBEvpU1vX/Ji0wa','',''),
(1230817173717749770, '$2a$10$W0HHtF.xHlEhy1ieqlaBweE8DITeiQZQa7jCaFMhA5fzbP612cAUe','',''),
(1230817173717749771, '$2a$10$.eGLM0zaIDjxhZ5vcaYomuQdk.fmKVuaM1P6nNiG30BiTr5JXZTFy','','');

-- 公司角色
INSERT INTO sys_role VALUES(1230815381428715522, 1229327791726825475, '一般人员', 0, 'Y', '', 1229349296795840514, '2020-01-19 18:00:00');

-- 用于所属公司
INSERT INTO uas_corp_user VALUES 
(1230817173621280769, 1229327791726825475, '2020-01-19 18:00:00'),
(1230817173654835201, 1229327791726825475, '2020-01-19 18:00:00'),
(1230817173654835202, 1229327791726825475, '2020-01-19 18:00:00'),
(1230817173654835203, 1229327791726825475, '2020-01-19 18:00:00'),
(1230817173654835204, 1229327791726825475, '2020-01-19 18:00:00'),
(1230817173659029505, 1229327791726825475, '2020-01-19 18:00:00'),
(1230817173659029506, 1229327791726825475, '2020-01-19 18:00:00'),
(1230817173659029507, 1229327791726825475, '2020-01-19 18:00:00'),
(1230817173659029508, 1229327791726825475, '2020-01-19 18:00:00'),
(1230817173659029509, 1229327791726825475, '2020-01-19 18:00:00'),
(1230817173659029510, 1229327791726825475, '2020-01-19 18:00:00'),
(1230817173659029511, 1229327791726825475, '2020-01-19 18:00:00'),
(1230817173659029512, 1229327791726825475, '2020-01-19 18:00:00'),
(1230817173659029513, 1229327791726825475, '2020-01-19 18:00:00'),
(1230817173659029514, 1229327791726825475, '2020-01-19 18:00:00'),
(1230817173659029515, 1229327791726825475, '2020-01-19 18:00:00'),
(1230817173659029516, 1229327791726825475, '2020-01-19 18:00:00'),
(1230817173659029517, 1229327791726825475, '2020-01-19 18:00:00'),
(1230817173659029518, 1229327791726825475, '2020-01-19 18:00:00'),
(1230817173659029519, 1229327791726825475, '2020-01-19 18:00:00'),
(1230817173659029520, 1229327791726825475, '2020-01-19 18:00:00'),
(1230817173663223810, 1229327791726825475, '2020-01-19 18:00:00'),
(1230817173663223811, 1229327791726825475, '2020-01-19 18:00:00'),
(1230817173663223812, 1229327791726825475, '2020-01-19 18:00:00'),
(1230817173663223813, 1229327791726825475, '2020-01-19 18:00:00'),
(1230817173663223814, 1229327791726825475, '2020-01-19 18:00:00'),
(1230817173663223815, 1229327791726825475, '2020-01-19 18:00:00'),
(1230817173663223816, 1229327791726825475, '2020-01-19 18:00:00'),
(1230817173663223817, 1229327791726825475, '2020-01-19 18:00:00'),
(1230817173663223818, 1229327791726825475, '2020-01-19 18:00:00'),
(1230817173663223819, 1229327791726825475, '2020-01-19 18:00:00'),
(1230817173663223820, 1229327791726825475, '2020-01-19 18:00:00'),
(1230817173663223821, 1229327791726825475, '2020-01-19 18:00:00'),
(1230817173663223822, 1229327791726825475, '2020-01-19 18:00:00'),
(1230817173663223823, 1229327791726825475, '2020-01-19 18:00:00'),
(1230817173663223824, 1229327791726825475, '2020-01-19 18:00:00'),
(1230817173663223825, 1229327791726825475, '2020-01-19 18:00:00'),
(1230817173663223826, 1229327791726825475, '2020-01-19 18:00:00'),
(1230817173663223827, 1229327791726825475, '2020-01-19 18:00:00'),
(1230817173663223828, 1229327791726825475, '2020-01-19 18:00:00'),
(1230817173667418114, 1229327791726825475, '2020-01-19 18:00:00'),
(1230817173667418115, 1229327791726825475, '2020-01-19 18:00:00'),
(1230817173667418116, 1229327791726825475, '2020-01-19 18:00:00'),
(1230817173667418117, 1229327791726825475, '2020-01-19 18:00:00'),
(1230817173667418118, 1229327791726825475, '2020-01-19 18:00:00'),
(1230817173667418119, 1229327791726825475, '2020-01-19 18:00:00'),
(1230817173667418120, 1229327791726825475, '2020-01-19 18:00:00'),
(1230817173667418121, 1229327791726825475, '2020-01-19 18:00:00'),
(1230817173667418122, 1229327791726825475, '2020-01-19 18:00:00'),
(1230817173667418123, 1229327791726825475, '2020-01-19 18:00:00'),
(1230817173667418124, 1229327791726825475, '2020-01-19 18:00:00'),
(1230817173667418125, 1229327791726825475, '2020-01-19 18:00:00'),
(1230817173667418126, 1229327791726825475, '2020-01-19 18:00:00'),
(1230817173667418127, 1229327791726825475, '2020-01-19 18:00:00'),
(1230817173667418128, 1229327791726825475, '2020-01-19 18:00:00'),
(1230817173667418129, 1229327791726825475, '2020-01-19 18:00:00'),
(1230817173667418130, 1229327791726825475, '2020-01-19 18:00:00'),
(1230817173667418131, 1229327791726825475, '2020-01-19 18:00:00'),
(1230817173667418132, 1229327791726825475, '2020-01-19 18:00:00'),
(1230817173667418133, 1229327791726825475, '2020-01-19 18:00:00'),
(1230817173667418134, 1229327791726825475, '2020-01-19 18:00:00'),
(1230817173667418135, 1229327791726825475, '2020-01-19 18:00:00'),
(1230817173667418136, 1229327791726825475, '2020-01-19 18:00:00'),
(1230817173667418137, 1229327791726825475, '2020-01-19 18:00:00'),
(1230817173671612417, 1229327791726825475, '2020-01-19 18:00:00'),
(1230817173671612418, 1229327791726825475, '2020-01-19 18:00:00'),
(1230817173671612419, 1229327791726825475, '2020-01-19 18:00:00'),
(1230817173671612420, 1229327791726825475, '2020-01-19 18:00:00'),
(1230817173671612421, 1229327791726825475, '2020-01-19 18:00:00'),
(1230817173671612422, 1229327791726825475, '2020-01-19 18:00:00'),
(1230817173671612423, 1229327791726825475, '2020-01-19 18:00:00'),
(1230817173671612424, 1229327791726825475, '2020-01-19 18:00:00'),
(1230817173671612425, 1229327791726825475, '2020-01-19 18:00:00'),
(1230817173675806722, 1229327791726825475, '2020-01-19 18:00:00'),
(1230817173675806723, 1229327791726825475, '2020-01-19 18:00:00'),
(1230817173675806724, 1229327791726825475, '2020-01-19 18:00:00'),
(1230817173675806725, 1229327791726825475, '2020-01-19 18:00:00'),
(1230817173675806726, 1229327791726825475, '2020-01-19 18:00:00'),
(1230817173675806727, 1229327791726825475, '2020-01-19 18:00:00'),
(1230817173675806728, 1229327791726825475, '2020-01-19 18:00:00'),
(1230817173675806729, 1229327791726825475, '2020-01-19 18:00:00'),
(1230817173675806730, 1229327791726825475, '2020-01-19 18:00:00'),
(1230817173675806731, 1229327791726825475, '2020-01-19 18:00:00'),
(1230817173675806732, 1229327791726825475, '2020-01-19 18:00:00'),
(1230817173675806733, 1229327791726825475, '2020-01-19 18:00:00'),
(1230817173675806734, 1229327791726825475, '2020-01-19 18:00:00'),
(1230817173675806735, 1229327791726825475, '2020-01-19 18:00:00'),
(1230817173675806736, 1229327791726825475, '2020-01-19 18:00:00'),
(1230817173675806737, 1229327791726825475, '2020-01-19 18:00:00'),
(1230817173675806738, 1229327791726825475, '2020-01-19 18:00:00'),
(1230817173675806739, 1229327791726825475, '2020-01-19 18:00:00'),
(1230817173675806740, 1229327791726825475, '2020-01-19 18:00:00'),
(1230817173675806741, 1229327791726825475, '2020-01-19 18:00:00'),
(1230817173675806742, 1229327791726825475, '2020-01-19 18:00:00'),
(1230817173675806743, 1229327791726825475, '2020-01-19 18:00:00'),
(1230817173675806744, 1229327791726825475, '2020-01-19 18:00:00'),
(1230817173675806745, 1229327791726825475, '2020-01-19 18:00:00'),
(1230817173675806746, 1229327791726825475, '2020-01-19 18:00:00'),
(1230817173675806747, 1229327791726825475, '2020-01-19 18:00:00'),
(1230817173675806748, 1229327791726825475, '2020-01-19 18:00:00'),
(1230817173675806749, 1229327791726825475, '2020-01-19 18:00:00'),
(1230817173675806750, 1229327791726825475, '2020-01-19 18:00:00'),
(1230817173675806751, 1229327791726825475, '2020-01-19 18:00:00'),
(1230817173692583938, 1229327791726825475, '2020-01-19 18:00:00'),
(1230817173692583939, 1229327791726825475, '2020-01-19 18:00:00'),
(1230817173692583940, 1229327791726825475, '2020-01-19 18:00:00'),
(1230817173692583941, 1229327791726825475, '2020-01-19 18:00:00'),
(1230817173692583942, 1229327791726825475, '2020-01-19 18:00:00'),
(1230817173692583943, 1229327791726825475, '2020-01-19 18:00:00'),
(1230817173692583944, 1229327791726825475, '2020-01-19 18:00:00'),
(1230817173692583945, 1229327791726825475, '2020-01-19 18:00:00'),
(1230817173692583946, 1229327791726825475, '2020-01-19 18:00:00'),
(1230817173696778242, 1229327791726825475, '2020-01-19 18:00:00'),
(1230817173696778243, 1229327791726825475, '2020-01-19 18:00:00'),
(1230817173696778244, 1229327791726825475, '2020-01-19 18:00:00'),
(1230817173696778245, 1229327791726825475, '2020-01-19 18:00:00'),
(1230817173696778246, 1229327791726825475, '2020-01-19 18:00:00'),
(1230817173696778247, 1229327791726825475, '2020-01-19 18:00:00'),
(1230817173696778248, 1229327791726825475, '2020-01-19 18:00:00'),
(1230817173696778249, 1229327791726825475, '2020-01-19 18:00:00'),
(1230817173696778250, 1229327791726825475, '2020-01-19 18:00:00'),
(1230817173696778251, 1229327791726825475, '2020-01-19 18:00:00'),
(1230817173696778252, 1229327791726825475, '2020-01-19 18:00:00'),
(1230817173696778253, 1229327791726825475, '2020-01-19 18:00:00'),
(1230817173696778254, 1229327791726825475, '2020-01-19 18:00:00'),
(1230817173696778255, 1229327791726825475, '2020-01-19 18:00:00'),
(1230817173696778256, 1229327791726825475, '2020-01-19 18:00:00'),
(1230817173696778257, 1229327791726825475, '2020-01-19 18:00:00'),
(1230817173700972546, 1229327791726825475, '2020-01-19 18:00:00'),
(1230817173700972547, 1229327791726825475, '2020-01-19 18:00:00'),
(1230817173700972548, 1229327791726825475, '2020-01-19 18:00:00'),
(1230817173700972549, 1229327791726825475, '2020-01-19 18:00:00'),
(1230817173700972550, 1229327791726825475, '2020-01-19 18:00:00'),
(1230817173700972551, 1229327791726825475, '2020-01-19 18:00:00'),
(1230817173700972552, 1229327791726825475, '2020-01-19 18:00:00'),
(1230817173700972553, 1229327791726825475, '2020-01-19 18:00:00'),
(1230817173705166850, 1229327791726825475, '2020-01-19 18:00:00'),
(1230817173705166851, 1229327791726825475, '2020-01-19 18:00:00'),
(1230817173705166852, 1229327791726825475, '2020-01-19 18:00:00'),
(1230817173705166853, 1229327791726825475, '2020-01-19 18:00:00'),
(1230817173705166854, 1229327791726825475, '2020-01-19 18:00:00'),
(1230817173705166855, 1229327791726825475, '2020-01-19 18:00:00'),
(1230817173705166856, 1229327791726825475, '2020-01-19 18:00:00'),
(1230817173705166857, 1229327791726825475, '2020-01-19 18:00:00'),
(1230817173705166858, 1229327791726825475, '2020-01-19 18:00:00'),
(1230817173705166859, 1229327791726825475, '2020-01-19 18:00:00'),
(1230817173705166860, 1229327791726825475, '2020-01-19 18:00:00'),
(1230817173705166861, 1229327791726825475, '2020-01-19 18:00:00'),
(1230817173705166862, 1229327791726825475, '2020-01-19 18:00:00'),
(1230817173705166863, 1229327791726825475, '2020-01-19 18:00:00'),
(1230817173705166864, 1229327791726825475, '2020-01-19 18:00:00'),
(1230817173705166865, 1229327791726825475, '2020-01-19 18:00:00'),
(1230817173705166866, 1229327791726825475, '2020-01-19 18:00:00'),
(1230817173705166867, 1229327791726825475, '2020-01-19 18:00:00'),
(1230817173705166868, 1229327791726825475, '2020-01-19 18:00:00'),
(1230817173705166869, 1229327791726825475, '2020-01-19 18:00:00'),
(1230817173705166870, 1229327791726825475, '2020-01-19 18:00:00'),
(1230817173705166871, 1229327791726825475, '2020-01-19 18:00:00'),
(1230817173705166872, 1229327791726825475, '2020-01-19 18:00:00'),
(1230817173709361154, 1229327791726825475, '2020-01-19 18:00:00'),
(1229695635861831681, 1229327791726825475, '2020-01-19 18:00:00'),
(1230817173709361156, 1229327791726825475, '2020-01-19 18:00:00'),
(1230817173709361157, 1229327791726825475, '2020-01-19 18:00:00'),
(1230817173709361158, 1229327791726825475, '2020-01-19 18:00:00'),
(1230817173709361159, 1229327791726825475, '2020-01-19 18:00:00'),
(1230817173709361160, 1229327791726825475, '2020-01-19 18:00:00'),
(1230817173709361161, 1229327791726825475, '2020-01-19 18:00:00'),
(1230817173709361162, 1229327791726825475, '2020-01-19 18:00:00'),
(1230817173709361163, 1229327791726825475, '2020-01-19 18:00:00'),
(1230817173709361164, 1229327791726825475, '2020-01-19 18:00:00'),
(1230817173709361165, 1229327791726825475, '2020-01-19 18:00:00'),
(1230817173709361166, 1229327791726825475, '2020-01-19 18:00:00'),
(1230817173709361167, 1229327791726825475, '2020-01-19 18:00:00'),
(1230817173709361168, 1229327791726825475, '2020-01-19 18:00:00'),
(1230817173709361169, 1229327791726825475, '2020-01-19 18:00:00'),
(1230817173709361170, 1229327791726825475, '2020-01-19 18:00:00'),
(1230817173709361171, 1229327791726825475, '2020-01-19 18:00:00'),
(1230817173709361172, 1229327791726825475, '2020-01-19 18:00:00'),
(1230817173709361173, 1229327791726825475, '2020-01-19 18:00:00'),
(1230817173709361174, 1229327791726825475, '2020-01-19 18:00:00'),
(1230817173709361175, 1229327791726825475, '2020-01-19 18:00:00'),
(1230817173713555458, 1229327791726825475, '2020-01-19 18:00:00'),
(1230817173713555459, 1229327791726825475, '2020-01-19 18:00:00'),
(1230817173713555460, 1229327791726825475, '2020-01-19 18:00:00'),
(1229695635899580417, 1229327791726825475, '2020-01-19 18:00:00'),
(1230817173713555462, 1229327791726825475, '2020-01-19 18:00:00'),
(1230817173713555463, 1229327791726825475, '2020-01-19 18:00:00'),
(1230817173713555464, 1229327791726825475, '2020-01-19 18:00:00'),
(1230817173713555465, 1229327791726825475, '2020-01-19 18:00:00'),
(1230817173713555466, 1229327791726825475, '2020-01-19 18:00:00'),
(1229695635899580418, 1229327791726825475, '2020-01-19 18:00:00'),
(1230817173713555468, 1229327791726825475, '2020-01-19 18:00:00'),
(1230817173713555469, 1229327791726825475, '2020-01-19 18:00:00'),
(1230817173713555470, 1229327791726825475, '2020-01-19 18:00:00'),
(1230817173713555471, 1229327791726825475, '2020-01-19 18:00:00'),
(1230817173713555472, 1229327791726825475, '2020-01-19 18:00:00'),
(1230817173713555473, 1229327791726825475, '2020-01-19 18:00:00'),
(1230817173713555474, 1229327791726825475, '2020-01-19 18:00:00'),
(1230817173713555475, 1229327791726825475, '2020-01-19 18:00:00'),
(1230817173713555476, 1229327791726825475, '2020-01-19 18:00:00'),
(1230817173713555477, 1229327791726825475, '2020-01-19 18:00:00'),
(1230817173713555478, 1229327791726825475, '2020-01-19 18:00:00'),
(1230817173713555479, 1229327791726825475, '2020-01-19 18:00:00'),
(1230817173713555480, 1229327791726825475, '2020-01-19 18:00:00'),
(1230817173713555481, 1229327791726825475, '2020-01-19 18:00:00'),
(1230817173713555482, 1229327791726825475, '2020-01-19 18:00:00'),
(1230817173717749762, 1229327791726825475, '2020-01-19 18:00:00'),
(1230817173717749763, 1229327791726825475, '2020-01-19 18:00:00'),
(1230817173717749764, 1229327791726825475, '2020-01-19 18:00:00'),
(1229695635899580419, 1229327791726825475, '2020-01-19 18:00:00'),
(1230817173717749766, 1229327791726825475, '2020-01-19 18:00:00'),
(1230817173717749767, 1229327791726825475, '2020-01-19 18:00:00'),
(1230817173717749768, 1229327791726825475, '2020-01-19 18:00:00'),
(1230817173717749769, 1229327791726825475, '2020-01-19 18:00:00'),
(1230817173717749770, 1229327791726825475, '2020-01-19 18:00:00'),
(1230817173717749771, 1229327791726825475, '2020-01-19 18:00:00');

-- 用户角色
INSERT INTO sys_role_user VALUES 
(1229327791739408404, 1230817173621280769),
(1229327791739408404, 1230817173654835201),
(1229327791739408404, 1230817173654835202),
(1229327791739408404, 1230817173654835203),
(1229327791739408404, 1230817173654835204),
(1229327791739408404, 1230817173659029505),
(1229327791739408404, 1230817173659029506),
(1229327791739408404, 1230817173659029507),
(1229327791739408404, 1230817173659029508),
(1229327791739408404, 1230817173659029509),
(1229327791739408404, 1230817173659029510),
(1229327791739408404, 1230817173659029511),
(1229327791739408404, 1230817173659029512),
(1229327791739408404, 1230817173659029513),
(1229327791739408404, 1230817173659029514),
(1229327791739408404, 1230817173659029515),
(1229327791739408404, 1230817173659029516),
(1229327791739408404, 1230817173659029517),
(1229327791739408404, 1230817173659029518),
(1229327791739408404, 1230817173659029519),
(1229327791739408404, 1230817173659029520),
(1229327791739408404, 1230817173663223810),
(1229327791739408404, 1230817173663223811),
(1229327791739408404, 1230817173663223812),
(1229327791739408404, 1230817173663223813),
(1229327791739408404, 1230817173663223814),
(1229327791739408404, 1230817173663223815),
(1229327791739408404, 1230817173663223816),
(1229327791739408404, 1230817173663223817),
(1229327791739408404, 1230817173663223818),
(1229327791739408404, 1230817173663223819),
(1229327791739408404, 1230817173663223820),
(1229327791739408404, 1230817173663223821),
(1229327791739408404, 1230817173663223822),
(1229327791739408404, 1230817173663223823),
(1229327791739408404, 1230817173663223824),
(1229327791739408404, 1230817173663223825),
(1229327791739408404, 1230817173663223826),
(1229327791739408404, 1230817173663223827),
(1229327791739408404, 1230817173663223828),
(1229327791739408404, 1230817173667418114),
(1229327791739408404, 1230817173667418115),
(1229327791739408404, 1230817173667418116),
(1229327791739408404, 1230817173667418117),
(1229327791739408404, 1230817173667418118),
(1229327791739408404, 1230817173667418119),
(1229327791739408404, 1230817173667418120),
(1229327791739408404, 1230817173667418121),
(1229327791739408404, 1230817173667418122),
(1229327791739408404, 1230817173667418123),
(1229327791739408404, 1230817173667418124),
(1229327791739408404, 1230817173667418125),
(1229327791739408404, 1230817173667418126),
(1229327791739408404, 1230817173667418127),
(1229327791739408404, 1230817173667418128),
(1229327791739408404, 1230817173667418129),
(1229327791739408404, 1230817173667418130),
(1229327791739408404, 1230817173667418131),
(1229327791739408404, 1230817173667418132),
(1229327791739408404, 1230817173667418133),
(1229327791739408404, 1230817173667418134),
(1229327791739408404, 1230817173667418135),
(1229327791739408404, 1230817173667418136),
(1229327791739408404, 1230817173667418137),
(1229327791739408404, 1230817173671612417),
(1229327791739408404, 1230817173671612418),
(1229327791739408404, 1230817173671612419),
(1229327791739408404, 1230817173671612420),
(1229327791739408404, 1230817173671612421),
(1229327791739408404, 1230817173671612422),
(1229327791739408404, 1230817173671612423),
(1229327791739408404, 1230817173671612424),
(1229327791739408404, 1230817173671612425),
(1229327791739408404, 1230817173675806722),
(1229327791739408404, 1230817173675806723),
(1229327791739408404, 1230817173675806724),
(1229327791739408404, 1230817173675806725),
(1229327791739408404, 1230817173675806726),
(1229327791739408404, 1230817173675806727),
(1229327791739408404, 1230817173675806728),
(1229327791739408404, 1230817173675806729),
(1230815381428715522, 1230817173675806730),
(1230815381428715522, 1230817173675806731),
(1230815381428715522, 1230817173675806732),
(1230815381428715522, 1230817173675806733),
(1230815381428715522, 1230817173675806734),
(1230815381428715522, 1230817173675806735),
(1230815381428715522, 1230817173675806736),
(1230815381428715522, 1230817173675806737),
(1230815381428715522, 1230817173675806738),
(1230815381428715522, 1230817173675806739),
(1230815381428715522, 1230817173675806740),
(1230815381428715522, 1230817173675806741),
(1230815381428715522, 1230817173675806742),
(1230815381428715522, 1230817173675806743),
(1230815381428715522, 1230817173675806744),
(1230815381428715522, 1230817173675806745),
(1230815381428715522, 1230817173675806746),
(1230815381428715522, 1230817173675806747),
(1230815381428715522, 1230817173675806748),
(1230815381428715522, 1230817173675806749),
(1230815381428715522, 1230817173675806750),
(1230815381428715522, 1230817173675806751),
(1230815381428715522, 1230817173692583938),
(1230815381428715522, 1230817173692583939),
(1230815381428715522, 1230817173692583940),
(1230815381428715522, 1230817173692583941),
(1230815381428715522, 1230817173692583942),
(1230815381428715522, 1230817173692583943),
(1230815381428715522, 1230817173692583944),
(1230815381428715522, 1230817173692583945),
(1230815381428715522, 1230817173692583946),
(1230815381428715522, 1230817173696778242),
(1230815381428715522, 1230817173696778243),
(1230815381428715522, 1230817173696778244),
(1230815381428715522, 1230817173696778245),
(1230815381428715522, 1230817173696778246),
(1230815381428715522, 1230817173696778247),
(1230815381428715522, 1230817173696778248),
(1230815381428715522, 1230817173696778249),
(1230815381428715522, 1230817173696778250),
(1230815381428715522, 1230817173696778251),
(1230815381428715522, 1230817173696778252),
(1230815381428715522, 1230817173696778253),
(1230815381428715522, 1230817173696778254),
(1230815381428715522, 1230817173696778255),
(1230815381428715522, 1230817173696778256),
(1230815381428715522, 1230817173696778257),
(1230815381428715522, 1230817173700972546),
(1230815381428715522, 1230817173700972547),
(1230815381428715522, 1230817173700972548),
(1230815381428715522, 1230817173700972549),
(1230815381428715522, 1230817173700972550),
(1230815381428715522, 1230817173700972551),
(1230815381428715522, 1230817173700972552),
(1230815381428715522, 1230817173700972553),
(1230815381428715522, 1230817173705166850),
(1230815381428715522, 1230817173705166851),
(1230815381428715522, 1230817173705166852),
(1230815381428715522, 1230817173705166853),
(1230815381428715522, 1230817173705166854),
(1230815381428715522, 1230817173705166855),
(1230815381428715522, 1230817173705166856),
(1230815381428715522, 1230817173705166857),
(1230815381428715522, 1230817173705166858),
(1230815381428715522, 1230817173705166859),
(1230815381428715522, 1230817173705166860),
(1230815381428715522, 1230817173705166861),
(1230815381428715522, 1230817173705166862),
(1230815381428715522, 1230817173705166863),
(1230815381428715522, 1230817173705166864),
(1230815381428715522, 1230817173705166865),
(1230815381428715522, 1230817173705166866),
(1230815381428715522, 1230817173705166867),
(1230815381428715522, 1230817173705166868),
(1230815381428715522, 1230817173705166869),
(1230815381428715522, 1230817173705166870),
(1230815381428715522, 1230817173705166871),
(1230815381428715522, 1230817173705166872),
(1230815381428715522, 1230817173709361154),
(1230815381428715522, 1229695635861831681),
(1230815381428715522, 1230817173709361156),
(1230815381428715522, 1230817173709361157),
(1230815381428715522, 1230817173709361158),
(1230815381428715522, 1230817173709361159),
(1230815381428715522, 1230817173709361160),
(1230815381428715522, 1230817173709361161),
(1230815381428715522, 1230817173709361162),
(1230815381428715522, 1230817173709361163),
(1230815381428715522, 1230817173709361164),
(1230815381428715522, 1230817173709361165),
(1230815381428715522, 1230817173709361166),
(1230815381428715522, 1230817173709361167),
(1230815381428715522, 1230817173709361168),
(1230815381428715522, 1230817173709361169),
(1230815381428715522, 1230817173709361170),
(1230815381428715522, 1230817173709361171),
(1230815381428715522, 1230817173709361172),
(1230815381428715522, 1230817173709361173),
(1230815381428715522, 1230817173709361174),
(1230815381428715522, 1230817173709361175),
(1230815381428715522, 1230817173713555458),
(1230815381428715522, 1230817173713555459),
(1230815381428715522, 1230817173713555460),
(1230815381428715522, 1229695635899580417),
(1230815381428715522, 1230817173713555462),
(1230815381428715522, 1230817173713555463),
(1230815381428715522, 1230817173713555464),
(1230815381428715522, 1230817173713555465),
(1230815381428715522, 1230817173713555466),
(1230815381428715522, 1229695635899580418),
(1230815381428715522, 1230817173713555468),
(1230815381428715522, 1230817173713555469),
(1230815381428715522, 1230817173713555470),
(1230815381428715522, 1230817173713555471),
(1230815381428715522, 1230817173713555472),
(1230815381428715522, 1230817173713555473),
(1230815381428715522, 1230817173713555474),
(1230815381428715522, 1230817173713555475),
(1230815381428715522, 1230817173713555476),
(1230815381428715522, 1230817173713555477),
(1230815381428715522, 1230817173713555478),
(1230815381428715522, 1230817173713555479),
(1230815381428715522, 1230817173713555480),
(1230815381428715522, 1230817173713555481),
(1230815381428715522, 1230817173713555482),
(1230815381428715522, 1230817173717749762),
(1230815381428715522, 1230817173717749763),
(1230815381428715522, 1230817173717749764),
(1230815381428715522, 1229695635899580419),
(1230815381428715522, 1230817173717749766),
(1230815381428715522, 1230817173717749767),
(1230815381428715522, 1230817173717749768),
(1230815381428715522, 1230817173717749769),
(1230815381428715522, 1230817173717749770),
(1230815381428715522, 1230817173717749771);

use usp_anyfix;

-- 人员所属服务网点
INSERT INTO service_branch_user VALUES
(1229333789921300505, 1230817173621280769, '2020-01-19 18:00:00'),
(1229333789921300498, 1230817173654835201, '2020-01-19 18:00:00'),
(1229333789921300498, 1230817173654835202, '2020-01-19 18:00:00'),
(1229333789921300498, 1230817173654835203, '2020-01-19 18:00:00'),
(1229333789921300498, 1230817173654835204, '2020-01-19 18:00:00'),
(1229333789921300498, 1230817173659029505, '2020-01-19 18:00:00'),
(1229333789921300498, 1230817173659029506, '2020-01-19 18:00:00'),
(1229333789921300498, 1230817173659029507, '2020-01-19 18:00:00'),
(1229333789921300498, 1230817173659029508, '2020-01-19 18:00:00'),
(1229333789921300499, 1230817173659029509, '2020-01-19 18:00:00'),
(1229333789921300498, 1230817173659029510, '2020-01-19 18:00:00'),
(1229333789921300498, 1230817173659029511, '2020-01-19 18:00:00'),
(1229333789921300503, 1230817173659029512, '2020-01-19 18:00:00'),
(1229333789921300499, 1230817173659029513, '2020-01-19 18:00:00'),
(1229333789921300498, 1230817173659029514, '2020-01-19 18:00:00'),
(1229333789921300505, 1230817173659029515, '2020-01-19 18:00:00'),
(1229333789921300498, 1230817173659029516, '2020-01-19 18:00:00'),
(1229333789921300498, 1230817173659029517, '2020-01-19 18:00:00'),
(1229333789921300499, 1230817173659029518, '2020-01-19 18:00:00'),
(1229333789921300498, 1230817173659029519, '2020-01-19 18:00:00'),
(1229333789921300496, 1230817173659029520, '2020-01-19 18:00:00'),
(1229333789921300498, 1230817173663223810, '2020-01-19 18:00:00'),
(1229333789921300498, 1230817173663223811, '2020-01-19 18:00:00'),
(1229333789921300498, 1230817173663223812, '2020-01-19 18:00:00'),
(1229333789921300503, 1230817173663223813, '2020-01-19 18:00:00'),
(1229333789921300498, 1230817173663223814, '2020-01-19 18:00:00'),
(1229333789921300498, 1230817173663223815, '2020-01-19 18:00:00'),
(1229333789921300498, 1230817173663223816, '2020-01-19 18:00:00'),
(1229333789921300505, 1230817173663223817, '2020-01-19 18:00:00'),
(1229333789921300498, 1230817173663223818, '2020-01-19 18:00:00'),
(1229333789921300498, 1230817173663223819, '2020-01-19 18:00:00'),
(1229333789921300503, 1230817173663223820, '2020-01-19 18:00:00'),
(1229333789921300498, 1230817173663223821, '2020-01-19 18:00:00'),
(1229333789921300503, 1230817173663223822, '2020-01-19 18:00:00'),
(1229333789921300498, 1230817173663223823, '2020-01-19 18:00:00'),
(1229333789921300498, 1230817173663223824, '2020-01-19 18:00:00'),
(1229333789921300498, 1230817173663223825, '2020-01-19 18:00:00'),
(1229333789921300498, 1230817173663223826, '2020-01-19 18:00:00'),
(1229333789921300498, 1230817173663223827, '2020-01-19 18:00:00'),
(1229333789921300498, 1230817173663223828, '2020-01-19 18:00:00'),
(1229333789921300498, 1230817173667418114, '2020-01-19 18:00:00'),
(1229333789921300505, 1230817173667418115, '2020-01-19 18:00:00'),
(1229333789921300505, 1230817173667418116, '2020-01-19 18:00:00'),
(1229333789921300498, 1230817173667418117, '2020-01-19 18:00:00'),
(1229333789921300498, 1230817173667418118, '2020-01-19 18:00:00'),
(1229333789921300503, 1230817173667418119, '2020-01-19 18:00:00'),
(1229333789921300498, 1230817173667418120, '2020-01-19 18:00:00'),
(1229333789921300498, 1230817173667418121, '2020-01-19 18:00:00'),
(1229333789921300498, 1230817173667418122, '2020-01-19 18:00:00'),
(1229333789921300505, 1230817173667418123, '2020-01-19 18:00:00'),
(1229333789921300498, 1230817173667418124, '2020-01-19 18:00:00'),
(1229333789921300505, 1230817173667418125, '2020-01-19 18:00:00'),
(1229333789921300498, 1230817173667418126, '2020-01-19 18:00:00'),
(1229333789921300505, 1230817173667418127, '2020-01-19 18:00:00'),
(1229333789921300505, 1230817173667418128, '2020-01-19 18:00:00'),
(1229333789921300505, 1230817173667418129, '2020-01-19 18:00:00'),
(1229333789921300498, 1230817173667418130, '2020-01-19 18:00:00'),
(1229333789921300498, 1230817173667418131, '2020-01-19 18:00:00'),
(1229333789921300499, 1230817173667418132, '2020-01-19 18:00:00'),
(1229333789921300505, 1230817173667418133, '2020-01-19 18:00:00'),
(1229333789921300498, 1230817173667418134, '2020-01-19 18:00:00'),
(1229333789921300503, 1230817173667418135, '2020-01-19 18:00:00'),
(1229333789921300498, 1230817173667418136, '2020-01-19 18:00:00'),
(1229333789921300498, 1230817173667418137, '2020-01-19 18:00:00'),
(1229333789921300498, 1230817173671612417, '2020-01-19 18:00:00'),
(1229333789921300498, 1230817173671612418, '2020-01-19 18:00:00'),
(1229333789921300498, 1230817173671612419, '2020-01-19 18:00:00'),
(1229333789921300498, 1230817173671612420, '2020-01-19 18:00:00'),
(1229333789921300498, 1230817173671612421, '2020-01-19 18:00:00'),
(1229333789921300498, 1230817173671612422, '2020-01-19 18:00:00'),
(1229333789921300505, 1230817173671612423, '2020-01-19 18:00:00'),
(1229333789921300503, 1230817173671612424, '2020-01-19 18:00:00'),
(1229333789921300498, 1230817173671612425, '2020-01-19 18:00:00'),
(1229333789921300498, 1230817173675806722, '2020-01-19 18:00:00'),
(1229333789921300498, 1230817173675806723, '2020-01-19 18:00:00'),
(1229333789921300498, 1230817173675806724, '2020-01-19 18:00:00'),
(1229333789921300498, 1230817173675806725, '2020-01-19 18:00:00'),
(1229333789921300498, 1230817173675806726, '2020-01-19 18:00:00'),
(1229333789921300498, 1230817173675806727, '2020-01-19 18:00:00'),
(1229333789921300495, 1230817173675806728, '2020-01-19 18:00:00'),
(1229333789921300498, 1230817173675806729, '2020-01-19 18:00:00'),
(1229333789837414419, 1230817173675806730, '2020-01-19 18:00:00'),
(1229333789875163147, 1230817173675806731, '2020-01-19 18:00:00'),
(1229333789921300495, 1230817173675806732, '2020-01-19 18:00:00'),
(1229333789883551749, 1230817173675806733, '2020-01-19 18:00:00'),
(1229333789875163158, 1230817173675806734, '2020-01-19 18:00:00'),
(1229333789883551750, 1230817173675806735, '2020-01-19 18:00:00'),
(1229333789862580247, 1230817173675806736, '2020-01-19 18:00:00'),
(1229333789921300495, 1230817173675806737, '2020-01-19 18:00:00'),
(1229333789921300509, 1230817173675806738, '2020-01-19 18:00:00'),
(1229333789921300495, 1230817173675806739, '2020-01-19 18:00:00'),
(1229333789883551749, 1230817173675806740, '2020-01-19 18:00:00'),
(1229333789921300496, 1230817173675806741, '2020-01-19 18:00:00'),
(1229333789824831490, 1230817173675806742, '2020-01-19 18:00:00'),
(1229333789921300495, 1230817173675806743, '2020-01-19 18:00:00'),
(1229333789883551749, 1230817173675806744, '2020-01-19 18:00:00'),
(1229333789921300496, 1230817173675806745, '2020-01-19 18:00:00'),
(1229333789921300496, 1230817173675806746, '2020-01-19 18:00:00'),
(1229333789862580226, 1230817173675806747, '2020-01-19 18:00:00'),
(1229333789875163160, 1230817173675806748, '2020-01-19 18:00:00'),
(1229333789921300495, 1230817173675806749, '2020-01-19 18:00:00'),
(1229333789841608717, 1230817173675806750, '2020-01-19 18:00:00'),
(1229333789921300513, 1230817173675806751, '2020-01-19 18:00:00'),
(1229333789921300496, 1230817173692583938, '2020-01-19 18:00:00'),
(1229333789858385923, 1230817173692583939, '2020-01-19 18:00:00'),
(1229333789921300513, 1230817173692583940, '2020-01-19 18:00:00'),
(1229333789921300495, 1230817173692583941, '2020-01-19 18:00:00'),
(1229333789841608717, 1230817173692583942, '2020-01-19 18:00:00'),
(1229333789921300495, 1230817173692583943, '2020-01-19 18:00:00'),
(1229333789824831490, 1230817173692583944, '2020-01-19 18:00:00'),
(1229333789841608717, 1230817173692583945, '2020-01-19 18:00:00'),
(1229333789921300495, 1230817173692583946, '2020-01-19 18:00:00'),
(1229333789921300496, 1230817173696778242, '2020-01-19 18:00:00'),
(1229333789862580237, 1230817173696778243, '2020-01-19 18:00:00'),
(1229333789921300495, 1230817173696778244, '2020-01-19 18:00:00'),
(1229333789921300496, 1230817173696778245, '2020-01-19 18:00:00'),
(1229333789921300496, 1230817173696778246, '2020-01-19 18:00:00'),
(1229333789925494788, 1230817173696778247, '2020-01-19 18:00:00'),
(1229333789820637192, 1230817173696778248, '2020-01-19 18:00:00'),
(1229333789824831490, 1230817173696778249, '2020-01-19 18:00:00'),
(1229333789921300511, 1230817173696778250, '2020-01-19 18:00:00'),
(1229333789841608746, 1230817173696778251, '2020-01-19 18:00:00'),
(1229333789841608717, 1230817173696778252, '2020-01-19 18:00:00'),
(1229333789921300496, 1230817173696778253, '2020-01-19 18:00:00'),
(1229333789921300495, 1230817173696778254, '2020-01-19 18:00:00'),
(1229333789875163155, 1230817173696778255, '2020-01-19 18:00:00'),
(1229333789841608717, 1230817173696778256, '2020-01-19 18:00:00'),
(1229333789921300496, 1230817173696778257, '2020-01-19 18:00:00'),
(1229333789921300496, 1230817173700972546, '2020-01-19 18:00:00'),
(1229333789925494786, 1230817173700972547, '2020-01-19 18:00:00'),
(1229333789921300511, 1230817173700972548, '2020-01-19 18:00:00'),
(1229333789921300496, 1230817173700972549, '2020-01-19 18:00:00'),
(1229333789858385923, 1230817173700972550, '2020-01-19 18:00:00'),
(1229333789837414408, 1230817173700972551, '2020-01-19 18:00:00'),
(1229333789921300496, 1230817173700972552, '2020-01-19 18:00:00'),
(1229333789921300495, 1230817173700972553, '2020-01-19 18:00:00'),
(1229333789870968834, 1230817173705166850, '2020-01-19 18:00:00'),
(1229333789841608753, 1230817173705166851, '2020-01-19 18:00:00'),
(1229333789862580226, 1230817173705166852, '2020-01-19 18:00:00'),
(1229333789837414408, 1230817173705166853, '2020-01-19 18:00:00'),
(1229333789866774532, 1230817173705166854, '2020-01-19 18:00:00'),
(1229333789921300495, 1230817173705166855, '2020-01-19 18:00:00'),
(1229333789841608713, 1230817173705166856, '2020-01-19 18:00:00'),
(1229333789824831490, 1230817173705166857, '2020-01-19 18:00:00'),
(1229333789833220100, 1230817173705166858, '2020-01-19 18:00:00'),
(1229333789875163155, 1230817173705166859, '2020-01-19 18:00:00'),
(1229333789921300495, 1230817173705166860, '2020-01-19 18:00:00'),
(1229333789841608713, 1230817173705166861, '2020-01-19 18:00:00'),
(1229333789921300511, 1230817173705166862, '2020-01-19 18:00:00'),
(1229333789862580247, 1230817173705166863, '2020-01-19 18:00:00'),
(1229333789883551762, 1230817173705166864, '2020-01-19 18:00:00'),
(1229333789921300495, 1230817173705166865, '2020-01-19 18:00:00'),
(1229333789875163155, 1230817173705166866, '2020-01-19 18:00:00'),
(1229333789925494786, 1230817173705166867, '2020-01-19 18:00:00'),
(1229333789921300495, 1230817173705166868, '2020-01-19 18:00:00'),
(1229333789925494786, 1230817173705166869, '2020-01-19 18:00:00'),
(1229333789870968838, 1230817173705166870, '2020-01-19 18:00:00'),
(1229333789921300495, 1230817173705166871, '2020-01-19 18:00:00'),
(1229333789921300513, 1230817173705166872, '2020-01-19 18:00:00'),
(1229333789875163155, 1230817173709361154, '2020-01-19 18:00:00'),
(1229333789921300507, 1229695635861831681, '2020-01-19 18:00:00'),
(1229333789921300495, 1230817173709361156, '2020-01-19 18:00:00'),
(1229333789921300495, 1230817173709361157, '2020-01-19 18:00:00'),
(1229333789921300495, 1230817173709361158, '2020-01-19 18:00:00'),
(1229333789921300495, 1230817173709361159, '2020-01-19 18:00:00'),
(1229333789921300496, 1230817173709361160, '2020-01-19 18:00:00'),
(1229333789921300495, 1230817173709361161, '2020-01-19 18:00:00'),
(1229333789824831490, 1230817173709361162, '2020-01-19 18:00:00'),
(1229333789921300495, 1230817173709361163, '2020-01-19 18:00:00'),
(1229333789891940357, 1230817173709361164, '2020-01-19 18:00:00'),
(1229333789883551749, 1230817173709361165, '2020-01-19 18:00:00'),
(1229333789875163160, 1230817173709361166, '2020-01-19 18:00:00'),
(1229333789837414408, 1230817173709361167, '2020-01-19 18:00:00'),
(1229333789875163158, 1230817173709361168, '2020-01-19 18:00:00'),
(1229333789921300496, 1230817173709361169, '2020-01-19 18:00:00'),
(1229333789921300511, 1230817173709361170, '2020-01-19 18:00:00'),
(1229333789921300496, 1230817173709361171, '2020-01-19 18:00:00'),
(1229333789891940357, 1230817173709361172, '2020-01-19 18:00:00'),
(1229333789921300495, 1230817173709361173, '2020-01-19 18:00:00'),
(1229333789875163160, 1230817173709361174, '2020-01-19 18:00:00'),
(1229333789841608717, 1230817173709361175, '2020-01-19 18:00:00'),
(1229333789858385931, 1230817173713555458, '2020-01-19 18:00:00'),
(1229333789921300511, 1230817173713555459, '2020-01-19 18:00:00'),
(1229333789824831490, 1230817173713555460, '2020-01-19 18:00:00'),
(1229333789921300510, 1229695635899580417, '2020-01-19 18:00:00'),
(1229333789883551750, 1230817173713555462, '2020-01-19 18:00:00'),
(1229333789858385931, 1230817173713555463, '2020-01-19 18:00:00'),
(1229333789875163158, 1230817173713555464, '2020-01-19 18:00:00'),
(1229333789875163160, 1230817173713555465, '2020-01-19 18:00:00'),
(1229333789925494788, 1230817173713555466, '2020-01-19 18:00:00'),
(1229333789921300510, 1229695635899580418, '2020-01-19 18:00:00'),
(1229333789870968838, 1230817173713555468, '2020-01-19 18:00:00'),
(1229333789891940357, 1230817173713555469, '2020-01-19 18:00:00'),
(1229333789841608753, 1230817173713555470, '2020-01-19 18:00:00'),
(1229333789841608746, 1230817173713555471, '2020-01-19 18:00:00'),
(1229333789875163160, 1230817173713555472, '2020-01-19 18:00:00'),
(1229333789925494788, 1230817173713555473, '2020-01-19 18:00:00'),
(1229333789841608746, 1230817173713555474, '2020-01-19 18:00:00'),
(1229333789858385931, 1230817173713555475, '2020-01-19 18:00:00'),
(1229333789879357456, 1230817173713555476, '2020-01-19 18:00:00'),
(1229333789837414419, 1230817173713555477, '2020-01-19 18:00:00'),
(1229333789891940357, 1230817173713555478, '2020-01-19 18:00:00'),
(1229333789921300495, 1230817173713555479, '2020-01-19 18:00:00'),
(1229333789921300495, 1230817173713555480, '2020-01-19 18:00:00'),
(1229333789921300495, 1230817173713555481, '2020-01-19 18:00:00'),
(1229333789921300496, 1230817173713555482, '2020-01-19 18:00:00'),
(1229333789921300495, 1230817173717749762, '2020-01-19 18:00:00'),
(1229333789883551750, 1230817173717749763, '2020-01-19 18:00:00'),
(1229333789858385931, 1230817173717749764, '2020-01-19 18:00:00'),
(1229333789921300510, 1229695635899580419, '2020-01-19 18:00:00'),
(1229333789921300496, 1230817173717749766, '2020-01-19 18:00:00'),
(1229333789921300495, 1230817173717749767, '2020-01-19 18:00:00'),
(1229333789870968834, 1230817173717749768, '2020-01-19 18:00:00'),
(1229333789921300495, 1230817173717749769, '2020-01-19 18:00:00'),
(1229333789921300495, 1230817173717749770, '2020-01-19 18:00:00'),
(1229333789866774532, 1230817173717749771, '2020-01-19 18:00:00');
